"conflictid_new"|"conflict_type"|"year"|"conflict_country"|"ai_prev"|"hrw_prev"|"state_prev"|"actor_type"|"actor"
205|"intra"|1990|"Iran, Islamic Rep."|0|0|0|1|"Government"
205|"intra"|1993|"Iran, Islamic Rep."|0|0|0|1|"Government"
205|"intra"|1996|"Iran, Islamic Rep."|0|0|0|1|"Government"
205|"intra"|1990|"Iran, Islamic Rep."|0|0|0|3|"Rebels"
205|"intra"|1993|"Iran, Islamic Rep."|0|0|0|3|"Rebels"
205|"intra"|1996|"Iran, Islamic Rep."|0|0|0|3|"Rebels"
209|"intra"|1989|"Philippines"|1|0|0|1|"Government"
209|"intra"|1990|"Philippines"|1|0|0|1|"Government"
209|"intra"|1991|"Philippines"|0|0|0|1|"Government"
209|"intra"|1992|"Philippines"|0|0|0|1|"Government"
209|"intra"|1993|"Philippines"|0|0|0|1|"Government"
209|"intra"|1994|"Philippines"|0|NA|0|1|"Government"
209|"intra"|1995|"Philippines"|0|NA|0|1|"Government"
209|"intra"|1997|"Philippines"|0|NA|0|1|"Government"
209|"intra"|1999|"Philippines"|0|NA|0|1|"Government"
209|"intra"|2000|"Philippines"|0|NA|0|1|"Government"
209|"intra"|2001|"Philippines"|0|NA|0|1|"Government"
209|"intra"|2002|"Philippines"|0|NA|0|1|"Government"
209|"intra"|2003|"Philippines"|0|NA|0|1|"Government"
209|"intra"|2004|"Philippines"|0|NA|0|1|"Government"
209|"intra"|2005|"Philippines"|1|NA|0|1|"Government"
209|"intra"|2006|"Philippines"|0|0|0|1|"Government"
209|"intra"|2007|"Philippines"|0|0|0|1|"Government"
209|"intra"|2008|"Philippines"|0|0|0|1|"Government"
209|"intra"|2009|"Philippines"|0|0|0|1|"Government"
209|"intra"|2010|"Philippines"|0|0|0|1|"Government"
209|"intra"|2011|"Philippines"|0|0|0|1|"Government"
209|"intra"|2012|"Philippines"|0|0|0|1|"Government"
209|"intra"|2013|"Philippines"|NA|0|0|1|"Government"
209|"intra"|2014|"Philippines"|0|0|0|1|"Government"
209|"intra"|2015|"Philippines"|0|0|0|1|"Government"
209|"intra"|1989|"Philippines"|0|0|0|3|"Rebels"
209|"intra"|1990|"Philippines"|0|0|0|3|"Rebels"
209|"intra"|1991|"Philippines"|0|0|0|3|"Rebels"
209|"intra"|1992|"Philippines"|0|0|0|3|"Rebels"
209|"intra"|1993|"Philippines"|0|0|0|3|"Rebels"
209|"intra"|1994|"Philippines"|0|NA|0|3|"Rebels"
209|"intra"|1995|"Philippines"|0|NA|0|3|"Rebels"
209|"intra"|1997|"Philippines"|0|NA|0|3|"Rebels"
209|"intra"|1999|"Philippines"|0|NA|0|3|"Rebels"
209|"intra"|2000|"Philippines"|0|NA|0|3|"Rebels"
209|"intra"|2001|"Philippines"|0|NA|0|3|"Rebels"
209|"intra"|2002|"Philippines"|0|NA|0|3|"Rebels"
209|"intra"|2003|"Philippines"|0|NA|0|3|"Rebels"
209|"intra"|2004|"Philippines"|0|NA|0|3|"Rebels"
209|"intra"|2005|"Philippines"|0|NA|0|3|"Rebels"
209|"intra"|2006|"Philippines"|0|0|0|3|"Rebels"
209|"intra"|2007|"Philippines"|0|0|0|3|"Rebels"
209|"intra"|2008|"Philippines"|0|0|0|3|"Rebels"
209|"intra"|2009|"Philippines"|0|0|0|3|"Rebels"
209|"intra"|2010|"Philippines"|0|0|0|3|"Rebels"
209|"intra"|2011|"Philippines"|0|0|0|3|"Rebels"
209|"intra"|2012|"Philippines"|0|0|0|3|"Rebels"
209|"intra"|2013|"Philippines"|NA|0|0|3|"Rebels"
209|"intra"|2014|"Philippines"|0|0|0|3|"Rebels"
209|"intra"|2015|"Philippines"|0|0|0|3|"Rebels"
218|"inter"|1989|"India"|0|NA|0|1|"India"
218|"inter"|1990|"India"|0|NA|0|1|"India"
218|"inter"|1991|"India"|0|0|0|1|"India"
218|"inter"|1992|"India"|0|0|0|1|"India"
218|"inter"|1996|"India"|0|0|0|1|"India"
218|"inter"|1997|"India"|0|0|0|1|"India"
218|"inter"|1998|"India"|0|0|0|1|"India"
218|"inter"|1999|"India"|0|0|0|1|"India"
218|"inter"|2000|"India"|0|0|0|1|"India"
218|"inter"|2001|"India"|0|0|0|1|"India"
218|"inter"|2002|"India"|0|0|0|1|"India"
218|"inter"|2003|"India"|0|NA|0|1|"India"
218|"inter"|2014|"India"|0|0|0|1|"India"
218|"inter"|2015|"India"|0|0|0|1|"India"
218|"inter"|1989|"India"|0|NA|0|1|"Pakistan"
218|"inter"|1990|"India"|0|NA|0|1|"Pakistan"
218|"inter"|1991|"India"|0|0|0|1|"Pakistan"
218|"inter"|1992|"India"|0|0|0|1|"Pakistan"
218|"inter"|1996|"India"|0|0|0|1|"Pakistan"
218|"inter"|1997|"India"|0|0|0|1|"Pakistan"
218|"inter"|1998|"India"|0|0|0|1|"Pakistan"
218|"inter"|1999|"India"|0|0|0|1|"Pakistan"
218|"inter"|2000|"India"|0|0|0|1|"Pakistan"
218|"inter"|2001|"India"|0|0|0|1|"Pakistan"
218|"inter"|2002|"India"|0|0|0|1|"Pakistan"
218|"inter"|2003|"India"|0|NA|0|1|"Pakistan"
218|"inter"|2014|"India"|0|0|0|1|"Pakistan"
218|"inter"|2015|"India"|0|0|0|1|"Pakistan"
220|"intra"|1989|"Paraguay"|0|NA|0|1|"Government"
220|"intra"|1989|"Paraguay"|0|NA|0|3|"Rebels"
221|"intra"|1989|"Myanmar"|0|0|0|1|"Government"
221|"intra"|1990|"Myanmar"|0|0|0|1|"Government"
221|"intra"|1991|"Myanmar"|0|0|0|1|"Government"
221|"intra"|1992|"Myanmar"|1|0|0|1|"Government"
221|"intra"|1995|"Myanmar"|0|0|0|1|"Government"
221|"intra"|1997|"Myanmar"|0|0|0|1|"Government"
221|"intra"|1998|"Myanmar"|1|0|1|1|"Government"
221|"intra"|2000|"Myanmar"|0|0|1|1|"Government"
221|"intra"|2001|"Myanmar"|0|0|1|1|"Government"
221|"intra"|2002|"Myanmar"|0|0|1|1|"Government"
221|"intra"|2003|"Myanmar"|0|0|1|1|"Government"
221|"intra"|2005|"Myanmar"|0|0|1|1|"Government"
221|"intra"|2006|"Myanmar"|0|0|1|1|"Government"
221|"intra"|2007|"Myanmar"|0|0|1|1|"Government"
221|"intra"|2008|"Myanmar"|0|1|1|1|"Government"
221|"intra"|2009|"Myanmar"|0|0|1|1|"Government"
221|"intra"|2010|"Myanmar"|0|0|2|1|"Government"
221|"intra"|2011|"Myanmar"|0|0|3|1|"Government"
221|"intra"|2013|"Myanmar"|0|0|1|1|"Government"
221|"intra"|1989|"Myanmar"|0|0|0|3|"Rebels"
221|"intra"|1990|"Myanmar"|0|0|0|3|"Rebels"
221|"intra"|1991|"Myanmar"|0|0|0|3|"Rebels"
221|"intra"|1992|"Myanmar"|0|0|0|3|"Rebels"
221|"intra"|1995|"Myanmar"|0|0|0|3|"Rebels"
221|"intra"|1997|"Myanmar"|0|0|0|3|"Rebels"
221|"intra"|1998|"Myanmar"|0|0|0|3|"Rebels"
221|"intra"|2000|"Myanmar"|0|0|0|3|"Rebels"
221|"intra"|2001|"Myanmar"|0|0|0|3|"Rebels"
221|"intra"|2002|"Myanmar"|0|0|0|3|"Rebels"
221|"intra"|2003|"Myanmar"|0|0|0|3|"Rebels"
221|"intra"|2005|"Myanmar"|0|0|1|3|"Rebels"
221|"intra"|2006|"Myanmar"|0|0|0|3|"Rebels"
221|"intra"|2007|"Myanmar"|0|0|0|3|"Rebels"
221|"intra"|2008|"Myanmar"|0|0|0|3|"Rebels"
221|"intra"|2009|"Myanmar"|0|0|0|3|"Rebels"
221|"intra"|2010|"Myanmar"|0|0|0|3|"Rebels"
221|"intra"|2011|"Myanmar"|0|0|0|3|"Rebels"
221|"intra"|2013|"Myanmar"|0|0|0|3|"Rebels"
222|"intra"|1990|"Myanmar"|0|0|0|1|"Government"
222|"intra"|1991|"Myanmar"|0|0|0|1|"Government"
222|"intra"|1992|"Myanmar"|0|0|0|1|"Government"
222|"intra"|1994|"Myanmar"|0|0|0|1|"Government"
222|"intra"|1990|"Myanmar"|0|0|0|3|"Rebels"
222|"intra"|1991|"Myanmar"|0|0|0|3|"Rebels"
222|"intra"|1992|"Myanmar"|0|0|0|3|"Rebels"
222|"intra"|1994|"Myanmar"|0|0|0|3|"Rebels"
223|"intra"|1991|"Myanmar"|0|0|2|1|"Government"
223|"intra"|1994|"Myanmar"|0|0|0|1|"Government"
223|"intra"|1991|"Myanmar"|0|0|0|3|"Rebels"
223|"intra"|1994|"Myanmar"|0|0|0|3|"Rebels"
224|"intra"|1990|"Myanmar"|0|0|0|1|"Government"
224|"intra"|1996|"Myanmar"|0|0|0|1|"Government"
224|"intra"|1990|"Myanmar"|0|0|0|3|"Rebels"
224|"intra"|1996|"Myanmar"|0|0|0|3|"Rebels"
227|"intra"|1991|"India"|0|0|0|1|"Government"
227|"intra"|1992|"India"|0|0|1|1|"Government"
227|"intra"|1993|"India"|0|0|0|1|"Government"
227|"intra"|1994|"India"|0|0|0|1|"Government"
227|"intra"|1996|"India"|0|0|0|1|"Government"
227|"intra"|1997|"India"|0|0|0|1|"Government"
227|"intra"|1998|"India"|0|0|0|1|"Government"
227|"intra"|1999|"India"|0|0|0|1|"Government"
227|"intra"|2000|"India"|0|0|0|1|"Government"
227|"intra"|2001|"India"|0|0|0|1|"Government"
227|"intra"|2002|"India"|0|0|0|1|"Government"
227|"intra"|2003|"India"|0|NA|0|1|"Government"
227|"intra"|2004|"India"|0|0|0|1|"Government"
227|"intra"|2005|"India"|0|0|0|1|"Government"
227|"intra"|2006|"India"|0|1|0|1|"Government"
227|"intra"|2007|"India"|1|0|0|1|"Government"
227|"intra"|2008|"India"|0|0|0|1|"Government"
227|"intra"|2009|"India"|0|0|1|1|"Government"
227|"intra"|2010|"India"|1|0|0|1|"Government"
227|"intra"|2011|"India"|1|2|1|1|"Government"
227|"intra"|2012|"India"|0|0|1|1|"Government"
227|"intra"|2013|"India"|NA|0|0|1|"Government"
227|"intra"|2014|"India"|0|0|0|1|"Government"
227|"intra"|2015|"India"|1|0|0|1|"Government"
227|"intra"|1991|"India"|0|0|0|3|"Rebels"
227|"intra"|1992|"India"|0|0|0|3|"Rebels"
227|"intra"|1993|"India"|0|0|0|3|"Rebels"
227|"intra"|1994|"India"|0|0|0|3|"Rebels"
227|"intra"|1996|"India"|0|0|0|3|"Rebels"
227|"intra"|1997|"India"|0|0|0|3|"Rebels"
227|"intra"|1998|"India"|0|0|0|3|"Rebels"
227|"intra"|1999|"India"|0|0|0|3|"Rebels"
227|"intra"|2000|"India"|0|0|0|3|"Rebels"
227|"intra"|2001|"India"|0|0|0|3|"Rebels"
227|"intra"|2002|"India"|0|0|0|3|"Rebels"
227|"intra"|2003|"India"|0|NA|0|3|"Rebels"
227|"intra"|2004|"India"|0|0|0|3|"Rebels"
227|"intra"|2005|"India"|0|0|0|3|"Rebels"
227|"intra"|2006|"India"|0|0|0|3|"Rebels"
227|"intra"|2007|"India"|0|0|0|3|"Rebels"
227|"intra"|2008|"India"|0|0|0|3|"Rebels"
227|"intra"|2009|"India"|0|0|0|3|"Rebels"
227|"intra"|2010|"India"|0|0|0|3|"Rebels"
227|"intra"|2011|"India"|0|0|0|3|"Rebels"
227|"intra"|2012|"India"|0|0|0|3|"Rebels"
227|"intra"|2013|"India"|NA|0|0|3|"Rebels"
227|"intra"|2014|"India"|0|0|2|3|"Rebels"
227|"intra"|2015|"India"|0|0|2|3|"Rebels"
230|"intra"|2009|"Yemen, Rep."|0|0|0|1|"Government"
230|"intra"|2010|"Yemen, Rep."|0|0|0|1|"Government"
230|"intra"|2011|"Yemen, Rep."|0|0|0|1|"Government"
230|"intra"|2012|"Yemen, Rep."|0|0|0|1|"Government"
230|"intra"|2013|"Yemen, Rep."|NA|0|0|1|"Government"
230|"intra"|2014|"Yemen, Rep."|0|0|0|1|"Government"
230|"intra"|2015|"Yemen, Rep."|0|0|0|1|"Government"
230|"intra"|2009|"Yemen, Rep."|0|0|0|3|"Rebels"
230|"intra"|2010|"Yemen, Rep."|0|0|0|3|"Rebels"
230|"intra"|2011|"Yemen, Rep."|0|0|0|3|"Rebels"
230|"intra"|2012|"Yemen, Rep."|0|0|0|3|"Rebels"
230|"intra"|2013|"Yemen, Rep."|NA|0|0|3|"Rebels"
230|"intra"|2014|"Yemen, Rep."|0|0|0|3|"Rebels"
230|"intra"|2015|"Yemen, Rep."|1|0|0|3|"Rebels"
231|"intra"|1989|"Myanmar"|0|0|0|1|"Government"
231|"intra"|1990|"Myanmar"|0|0|0|1|"Government"
231|"intra"|1991|"Myanmar"|0|0|0|1|"Government"
231|"intra"|1992|"Myanmar"|0|0|0|1|"Government"
231|"intra"|2011|"Myanmar"|1|2|3|1|"Government"
231|"intra"|2012|"Myanmar"|0|0|3|1|"Government"
231|"intra"|2013|"Myanmar"|0|0|1|1|"Government"
231|"intra"|2014|"Myanmar"|0|0|2|1|"Government"
231|"intra"|2015|"Myanmar"|0|0|2|1|"Government"
231|"intra"|1989|"Myanmar"|0|0|0|3|"Rebels"
231|"intra"|1990|"Myanmar"|0|0|0|3|"Rebels"
231|"intra"|1991|"Myanmar"|0|0|0|3|"Rebels"
231|"intra"|1992|"Myanmar"|0|0|0|3|"Rebels"
231|"intra"|2011|"Myanmar"|0|0|0|3|"Rebels"
231|"intra"|2012|"Myanmar"|0|0|0|3|"Rebels"
231|"intra"|2013|"Myanmar"|0|0|0|3|"Rebels"
231|"intra"|2014|"Myanmar"|0|0|0|3|"Rebels"
231|"intra"|2015|"Myanmar"|0|0|0|3|"Rebels"
233|"intra"|1989|"Guatemala"|0|NA|0|1|"Government"
233|"intra"|1990|"Guatemala"|0|NA|0|1|"Government"
233|"intra"|1991|"Guatemala"|0|1|0|1|"Government"
233|"intra"|1992|"Guatemala"|0|0|0|1|"Government"
233|"intra"|1993|"Guatemala"|0|0|1|1|"Government"
233|"intra"|1994|"Guatemala"|1|0|1|1|"Government"
233|"intra"|1995|"Guatemala"|0|0|1|1|"Government"
233|"intra"|1989|"Guatemala"|0|0|0|3|"Rebels"
233|"intra"|1990|"Guatemala"|0|0|0|3|"Rebels"
233|"intra"|1991|"Guatemala"|0|0|0|3|"Rebels"
233|"intra"|1992|"Guatemala"|0|0|0|3|"Rebels"
233|"intra"|1993|"Guatemala"|0|0|0|3|"Rebels"
233|"intra"|1994|"Guatemala"|0|0|0|3|"Rebels"
233|"intra"|1995|"Guatemala"|0|0|0|3|"Rebels"
234|"intra"|1989|"Israel"|0|0|0|1|"Government"
234|"intra"|1990|"Israel"|0|0|0|1|"Government"
234|"intra"|1991|"Israel"|1|0|0|1|"Government"
234|"intra"|1992|"Israel"|0|1|0|1|"Government"
234|"intra"|1993|"Israel"|1|1|0|1|"Government"
234|"intra"|1994|"Israel"|0|0|0|1|"Government"
234|"intra"|1995|"Israel"|0|0|0|1|"Government"
234|"intra"|1996|"Israel"|0|0|0|1|"Government"
234|"intra"|2000|"Israel"|1|0|0|1|"Government"
234|"intra"|2001|"Israel"|0|0|0|1|"Government"
234|"intra"|2002|"Israel"|0|0|0|1|"Government"
234|"intra"|2003|"Israel"|0|NA|0|1|"Government"
234|"intra"|2004|"Israel"|0|0|0|1|"Government"
234|"intra"|2005|"Israel"|0|0|0|1|"Government"
234|"intra"|2006|"Israel"|0|0|0|1|"Government"
234|"intra"|2007|"Israel"|0|0|0|1|"Government"
234|"intra"|2008|"Israel"|0|0|0|1|"Government"
234|"intra"|2009|"Israel"|0|0|0|1|"Government"
234|"intra"|2010|"Israel"|1|0|2|1|"Government"
234|"intra"|2011|"Israel"|0|0|0|1|"Government"
234|"intra"|2012|"Israel"|0|0|0|1|"Government"
234|"intra"|2014|"Israel"|0|0|0|1|"Government"
234|"intra"|1989|"Israel"|0|0|0|3|"Rebels"
234|"intra"|1990|"Israel"|0|0|0|3|"Rebels"
234|"intra"|1991|"Israel"|0|0|0|3|"Rebels"
234|"intra"|1992|"Israel"|0|0|0|3|"Rebels"
234|"intra"|1993|"Israel"|0|0|0|3|"Rebels"
234|"intra"|1994|"Israel"|0|0|0|3|"Rebels"
234|"intra"|1995|"Israel"|0|0|0|3|"Rebels"
234|"intra"|1996|"Israel"|0|0|1|3|"Rebels"
234|"intra"|2000|"Israel"|0|0|0|3|"Rebels"
234|"intra"|2001|"Israel"|1|0|0|3|"Rebels"
234|"intra"|2002|"Israel"|0|0|0|3|"Rebels"
234|"intra"|2003|"Israel"|0|NA|0|3|"Rebels"
234|"intra"|2004|"Israel"|0|0|0|3|"Rebels"
234|"intra"|2005|"Israel"|0|0|0|3|"Rebels"
234|"intra"|2006|"Israel"|0|0|0|3|"Rebels"
234|"intra"|2007|"Israel"|0|0|0|3|"Rebels"
234|"intra"|2008|"Israel"|0|0|0|3|"Rebels"
234|"intra"|2009|"Israel"|0|0|0|3|"Rebels"
234|"intra"|2010|"Israel"|0|0|0|3|"Rebels"
234|"intra"|2011|"Israel"|0|0|0|3|"Rebels"
234|"intra"|2012|"Israel"|0|0|0|3|"Rebels"
234|"intra"|2014|"Israel"|0|0|0|3|"Rebels"
251|"intra"|1992|"India"|0|0|0|1|"Government"
251|"intra"|1993|"India"|0|0|0|1|"Government"
251|"intra"|1994|"India"|1|0|0|1|"Government"
251|"intra"|1995|"India"|0|0|0|1|"Government"
251|"intra"|1996|"India"|0|0|0|1|"Government"
251|"intra"|1997|"India"|0|0|1|1|"Government"
251|"intra"|2000|"India"|0|0|0|1|"Government"
251|"intra"|1992|"India"|0|0|0|3|"Rebels"
251|"intra"|1993|"India"|0|0|0|3|"Rebels"
251|"intra"|1994|"India"|0|0|0|3|"Rebels"
251|"intra"|1995|"India"|0|0|0|3|"Rebels"
251|"intra"|1996|"India"|0|0|0|3|"Rebels"
251|"intra"|1997|"India"|0|0|0|3|"Rebels"
251|"intra"|2000|"India"|0|0|0|3|"Rebels"
253|"intra"|1992|"Myanmar"|0|0|0|1|"Government"
253|"intra"|1996|"Myanmar"|0|0|0|1|"Government"
253|"intra"|2005|"Myanmar"|0|0|0|1|"Government"
253|"intra"|1992|"Myanmar"|0|0|0|3|"Rebels"
253|"intra"|1996|"Myanmar"|0|0|0|3|"Rebels"
253|"intra"|2005|"Myanmar"|0|0|0|3|"Rebels"
259|"intra"|1991|"Iraq"|0|0|0|1|"Government"
259|"intra"|1992|"Iraq"|0|0|0|1|"Government"
259|"intra"|1993|"Iraq"|0|0|0|1|"Government"
259|"intra"|1994|"Iraq"|0|0|0|1|"Government"
259|"intra"|1995|"Iraq"|0|0|0|1|"Government"
259|"intra"|1996|"Iraq"|0|0|0|1|"Government"
259|"intra"|2004|"Iraq"|0|0|1|1|"Government"
259|"intra"|2005|"Iraq"|0|0|0|1|"Government"
259|"intra"|2006|"Iraq"|0|0|1|1|"Government"
259|"intra"|2007|"Iraq"|0|1|2|1|"Government"
259|"intra"|2008|"Iraq"|0|0|2|1|"Government"
259|"intra"|2009|"Iraq"|0|1|0|1|"Government"
259|"intra"|2010|"Iraq"|1|2|2|1|"Government"
259|"intra"|2011|"Iraq"|2|1|2|1|"Government"
259|"intra"|2012|"Iraq"|0|1|2|1|"Government"
259|"intra"|2013|"Iraq"|0|1|2|1|"Government"
259|"intra"|2014|"Iraq"|1|2|2|1|"Government"
259|"intra"|2015|"Iraq"|0|0|3|1|"Government"
259|"intra"|1991|"Iraq"|0|0|0|3|"Rebels"
259|"intra"|1992|"Iraq"|0|0|0|3|"Rebels"
259|"intra"|1993|"Iraq"|0|0|0|3|"Rebels"
259|"intra"|1994|"Iraq"|0|0|0|3|"Rebels"
259|"intra"|1995|"Iraq"|0|0|0|3|"Rebels"
259|"intra"|1996|"Iraq"|0|0|0|3|"Rebels"
259|"intra"|2004|"Iraq"|0|0|0|3|"Rebels"
259|"intra"|2005|"Iraq"|0|0|0|3|"Rebels"
259|"intra"|2006|"Iraq"|0|0|0|3|"Rebels"
259|"intra"|2007|"Iraq"|0|0|0|3|"Rebels"
259|"intra"|2008|"Iraq"|0|0|0|3|"Rebels"
259|"intra"|2009|"Iraq"|0|0|0|3|"Rebels"
259|"intra"|2010|"Iraq"|0|0|0|3|"Rebels"
259|"intra"|2011|"Iraq"|0|0|0|3|"Rebels"
259|"intra"|2012|"Iraq"|0|0|0|3|"Rebels"
259|"intra"|2013|"Iraq"|0|0|0|3|"Rebels"
259|"intra"|2014|"Iraq"|3|2|3|3|"Rebels"
259|"intra"|2015|"Iraq"|1|3|3|3|"Rebels"
260|"intra"|1989|"Lebanon"|0|0|0|1|"Government"
260|"intra"|1990|"Lebanon"|0|0|0|1|"Government"
260|"intra"|1989|"Lebanon"|0|0|0|3|"Rebels"
260|"intra"|1990|"Lebanon"|0|0|0|3|"Rebels"
262|"intra"|1989|"Lao PDR"|0|NA|0|1|"Government"
262|"intra"|1990|"Lao PDR"|0|NA|0|1|"Government"
262|"intra"|1989|"Lao PDR"|0|NA|0|3|"Rebels"
262|"intra"|1990|"Lao PDR"|0|NA|0|3|"Rebels"
264|"intra"|1993|"Myanmar"|0|0|0|1|"Government"
264|"intra"|1994|"Myanmar"|0|0|0|1|"Government"
264|"intra"|1995|"Myanmar"|0|0|0|1|"Government"
264|"intra"|1996|"Myanmar"|0|0|0|1|"Government"
264|"intra"|1997|"Myanmar"|1|0|1|1|"Government"
264|"intra"|1998|"Myanmar"|0|0|1|1|"Government"
264|"intra"|1999|"Myanmar"|0|0|0|1|"Government"
264|"intra"|2000|"Myanmar"|0|0|2|1|"Government"
264|"intra"|2001|"Myanmar"|0|0|1|1|"Government"
264|"intra"|2002|"Myanmar"|0|0|1|1|"Government"
264|"intra"|2005|"Myanmar"|0|0|1|1|"Government"
264|"intra"|2006|"Myanmar"|0|0|1|1|"Government"
264|"intra"|2007|"Myanmar"|0|0|1|1|"Government"
264|"intra"|2008|"Myanmar"|0|1|1|1|"Government"
264|"intra"|2009|"Myanmar"|0|0|0|1|"Government"
264|"intra"|2010|"Myanmar"|0|0|1|1|"Government"
264|"intra"|2011|"Myanmar"|0|0|3|1|"Government"
264|"intra"|2013|"Myanmar"|0|0|0|1|"Government"
264|"intra"|2015|"Myanmar"|0|0|0|1|"Government"
264|"intra"|1993|"Myanmar"|0|0|0|3|"Rebels"
264|"intra"|1994|"Myanmar"|0|0|0|3|"Rebels"
264|"intra"|1995|"Myanmar"|0|0|0|3|"Rebels"
264|"intra"|1996|"Myanmar"|0|0|0|3|"Rebels"
264|"intra"|1997|"Myanmar"|0|0|0|3|"Rebels"
264|"intra"|1998|"Myanmar"|0|0|0|3|"Rebels"
264|"intra"|1999|"Myanmar"|0|0|0|3|"Rebels"
264|"intra"|2000|"Myanmar"|0|0|0|3|"Rebels"
264|"intra"|2001|"Myanmar"|0|0|0|3|"Rebels"
264|"intra"|2002|"Myanmar"|0|0|1|3|"Rebels"
264|"intra"|2005|"Myanmar"|0|0|1|3|"Rebels"
264|"intra"|2006|"Myanmar"|0|0|0|3|"Rebels"
264|"intra"|2007|"Myanmar"|0|0|0|3|"Rebels"
264|"intra"|2008|"Myanmar"|0|0|0|3|"Rebels"
264|"intra"|2009|"Myanmar"|0|0|0|3|"Rebels"
264|"intra"|2010|"Myanmar"|0|0|0|3|"Rebels"
264|"intra"|2011|"Myanmar"|0|0|0|3|"Rebels"
264|"intra"|2013|"Myanmar"|0|0|0|3|"Rebels"
264|"intra"|2015|"Myanmar"|0|0|0|3|"Rebels"
265|"intra"|2013|"Congo, Dem. Rep."|0|0|0|1|"Government"
265|"intra"|2014|"Congo, Dem. Rep."|3|0|0|1|"Government"
265|"intra"|2013|"Congo, Dem. Rep."|0|0|0|3|"Rebels"
265|"intra"|2014|"Congo, Dem. Rep."|0|0|0|3|"Rebels"
267|"intra"|1989|"Ethiopia"|0|NA|0|1|"Government"
267|"intra"|1990|"Ethiopia"|0|0|0|1|"Government"
267|"intra"|1991|"Ethiopia"|0|0|0|1|"Government"
267|"intra"|1989|"Ethiopia"|0|NA|0|3|"Rebels"
267|"intra"|1990|"Ethiopia"|0|0|0|3|"Rebels"
267|"intra"|1991|"Ethiopia"|0|NA|0|3|"Rebels"
269|"intra"|1996|"Nepal"|1|NA|1|1|"Government"
269|"intra"|1997|"Nepal"|0|NA|1|1|"Government"
269|"intra"|1998|"Nepal"|0|NA|1|1|"Government"
269|"intra"|1999|"Nepal"|0|NA|1|1|"Government"
269|"intra"|2000|"Nepal"|0|NA|1|1|"Government"
269|"intra"|2001|"Nepal"|1|NA|1|1|"Government"
269|"intra"|2002|"Nepal"|1|NA|1|1|"Government"
269|"intra"|2003|"Nepal"|1|0|1|1|"Government"
269|"intra"|2004|"Nepal"|2|0|1|1|"Government"
269|"intra"|2005|"Nepal"|0|1|1|1|"Government"
269|"intra"|2006|"Nepal"|0|1|0|1|"Government"
269|"intra"|1996|"Nepal"|0|NA|0|3|"Rebels"
269|"intra"|1997|"Nepal"|0|NA|0|3|"Rebels"
269|"intra"|1998|"Nepal"|0|NA|0|3|"Rebels"
269|"intra"|1999|"Nepal"|0|NA|0|3|"Rebels"
269|"intra"|2000|"Nepal"|0|NA|0|3|"Rebels"
269|"intra"|2001|"Nepal"|0|NA|1|3|"Rebels"
269|"intra"|2002|"Nepal"|0|NA|0|3|"Rebels"
269|"intra"|2003|"Nepal"|0|1|0|3|"Rebels"
269|"intra"|2004|"Nepal"|0|1|0|3|"Rebels"
269|"intra"|2005|"Nepal"|1|0|1|3|"Rebels"
269|"intra"|2006|"Nepal"|0|0|0|3|"Rebels"
271|"intra"|1989|"Iraq"|0|0|1|1|"Government"
271|"intra"|1990|"Iraq"|0|0|0|1|"Government"
271|"intra"|1991|"Iraq"|0|0|0|1|"Government"
271|"intra"|1992|"Iraq"|0|0|0|1|"Government"
271|"intra"|1995|"Iraq"|0|0|0|1|"Government"
271|"intra"|1996|"Iraq"|0|0|0|1|"Government"
271|"intra"|1989|"Iraq"|0|0|0|3|"Rebels"
271|"intra"|1990|"Iraq"|0|0|0|3|"Rebels"
271|"intra"|1991|"Iraq"|0|0|0|3|"Rebels"
271|"intra"|1992|"Iraq"|0|0|0|3|"Rebels"
271|"intra"|1995|"Iraq"|0|0|0|3|"Rebels"
271|"intra"|1996|"Iraq"|0|0|0|3|"Rebels"
275|"intra"|1989|"Ethiopia"|0|NA|0|1|"Government"
275|"intra"|1990|"Ethiopia"|0|0|0|1|"Government"
275|"intra"|1991|"Ethiopia"|0|0|1|1|"Government"
275|"intra"|1989|"Ethiopia"|0|NA|0|3|"Rebels"
275|"intra"|1990|"Ethiopia"|0|0|0|3|"Rebels"
275|"intra"|1991|"Ethiopia"|0|0|0|3|"Rebels"
277|"intra"|1992|"Venezuela, RB"|0|NA|0|3|"Rebels"
283|"intra"|1996|"Congo, Dem. Rep."|1|0|1|1|"Government"
283|"intra"|1997|"Congo, Dem. Rep."|1|1|1|1|"Government"
283|"intra"|1998|"Congo, Dem. Rep."|1|2|2|1|"Government"
283|"intra"|1999|"Congo, Dem. Rep."|1|0|1|1|"Government"
283|"intra"|2000|"Congo, Dem. Rep."|2|0|1|1|"Government"
283|"intra"|2001|"Congo, Dem. Rep."|0|1|1|1|"Government"
283|"intra"|2006|"Congo, Dem. Rep."|2|3|3|1|"Government"
283|"intra"|2007|"Congo, Dem. Rep."|2|1|1|1|"Government"
283|"intra"|2008|"Congo, Dem. Rep."|3|2|3|1|"Government"
283|"intra"|2011|"Congo, Dem. Rep."|3|3|3|1|"Government"
283|"intra"|2012|"Congo, Dem. Rep."|3|3|2|1|"Government"
283|"intra"|2013|"Congo, Dem. Rep."|0|2|2|1|"Government"
283|"intra"|2014|"Congo, Dem. Rep."|3|0|1|1|"Government"
283|"intra"|1996|"Congo, Dem. Rep."|0|0|0|3|"Rebels"
283|"intra"|1997|"Congo, Dem. Rep."|0|0|0|3|"Rebels"
283|"intra"|1998|"Congo, Dem. Rep."|2|2|2|3|"Rebels"
283|"intra"|1999|"Congo, Dem. Rep."|1|2|1|3|"Rebels"
283|"intra"|2000|"Congo, Dem. Rep."|1|1|1|3|"Rebels"
283|"intra"|2001|"Congo, Dem. Rep."|1|2|2|3|"Rebels"
283|"intra"|2006|"Congo, Dem. Rep."|3|0|0|3|"Rebels"
283|"intra"|2007|"Congo, Dem. Rep."|0|0|1|3|"Rebels"
283|"intra"|2008|"Congo, Dem. Rep."|0|1|1|3|"Rebels"
283|"intra"|2011|"Congo, Dem. Rep."|0|0|0|3|"Rebels"
283|"intra"|2012|"Congo, Dem. Rep."|2|3|0|3|"Rebels"
283|"intra"|2013|"Congo, Dem. Rep."|2|2|2|3|"Rebels"
283|"intra"|2014|"Congo, Dem. Rep."|0|0|0|3|"Rebels"
287|"intra"|1991|"Burundi"|0|NA|0|1|"Government"
287|"intra"|1992|"Burundi"|0|NA|0|1|"Government"
287|"intra"|1994|"Burundi"|0|1|0|1|"Government"
287|"intra"|1995|"Burundi"|0|0|0|1|"Government"
287|"intra"|1996|"Burundi"|0|3|0|1|"Government"
287|"intra"|1997|"Burundi"|0|3|0|1|"Government"
287|"intra"|1998|"Burundi"|2|1|2|1|"Government"
287|"intra"|1999|"Burundi"|1|0|0|1|"Government"
287|"intra"|2000|"Burundi"|0|1|1|1|"Government"
287|"intra"|2001|"Burundi"|0|1|2|1|"Government"
287|"intra"|2002|"Burundi"|2|1|1|1|"Government"
287|"intra"|2003|"Burundi"|3|1|3|1|"Government"
287|"intra"|2004|"Burundi"|0|1|3|1|"Government"
287|"intra"|2005|"Burundi"|1|0|3|1|"Government"
287|"intra"|2006|"Burundi"|0|0|1|1|"Government"
287|"intra"|2008|"Burundi"|1|0|1|1|"Government"
287|"intra"|2014|"Burundi"|0|0|0|1|"Government"
287|"intra"|2015|"Burundi"|1|0|1|1|"Government"
287|"intra"|1991|"Burundi"|0|NA|0|3|"Rebels"
287|"intra"|1992|"Burundi"|0|NA|0|3|"Rebels"
287|"intra"|1994|"Burundi"|0|0|0|3|"Rebels"
287|"intra"|1995|"Burundi"|0|0|0|3|"Rebels"
287|"intra"|1996|"Burundi"|0|0|0|3|"Rebels"
287|"intra"|1997|"Burundi"|0|1|0|3|"Rebels"
287|"intra"|1998|"Burundi"|1|1|0|3|"Rebels"
287|"intra"|1999|"Burundi"|0|0|0|3|"Rebels"
287|"intra"|2000|"Burundi"|1|1|0|3|"Rebels"
287|"intra"|2001|"Burundi"|2|0|0|3|"Rebels"
287|"intra"|2002|"Burundi"|1|2|0|3|"Rebels"
287|"intra"|2003|"Burundi"|3|3|2|3|"Rebels"
287|"intra"|2004|"Burundi"|0|1|2|3|"Rebels"
287|"intra"|2005|"Burundi"|0|0|1|3|"Rebels"
287|"intra"|2006|"Burundi"|0|0|1|3|"Rebels"
287|"intra"|2008|"Burundi"|1|0|1|3|"Rebels"
287|"intra"|2014|"Burundi"|0|0|0|3|"Rebels"
287|"intra"|2015|"Burundi"|0|0|0|3|"Rebels"
288|"intra"|1989|"Chad"|0|NA|0|1|"Government"
288|"intra"|1990|"Chad"|0|NA|0|1|"Government"
288|"intra"|1991|"Chad"|0|NA|0|1|"Government"
288|"intra"|1992|"Chad"|0|NA|0|1|"Government"
288|"intra"|1993|"Chad"|0|NA|0|1|"Government"
288|"intra"|1994|"Chad"|2|NA|1|1|"Government"
288|"intra"|1997|"Chad"|0|NA|1|1|"Government"
288|"intra"|1998|"Chad"|0|NA|1|1|"Government"
288|"intra"|1999|"Chad"|0|NA|1|1|"Government"
288|"intra"|2000|"Chad"|0|NA|1|1|"Government"
288|"intra"|2001|"Chad"|0|NA|1|1|"Government"
288|"intra"|2002|"Chad"|1|NA|1|1|"Government"
288|"intra"|2005|"Chad"|0|0|1|1|"Government"
288|"intra"|2006|"Chad"|0|1|1|1|"Government"
288|"intra"|2007|"Chad"|1|1|1|1|"Government"
288|"intra"|2008|"Chad"|1|1|1|1|"Government"
288|"intra"|2009|"Chad"|1|2|1|1|"Government"
288|"intra"|2010|"Chad"|1|1|1|1|"Government"
288|"intra"|1989|"Chad"|0|NA|0|3|"Rebels"
288|"intra"|1990|"Chad"|0|NA|0|3|"Rebels"
288|"intra"|1991|"Chad"|0|NA|0|3|"Rebels"
288|"intra"|1992|"Chad"|0|NA|0|3|"Rebels"
288|"intra"|1993|"Chad"|0|NA|0|3|"Rebels"
288|"intra"|1994|"Chad"|0|NA|0|3|"Rebels"
288|"intra"|1997|"Chad"|0|NA|0|3|"Rebels"
288|"intra"|1998|"Chad"|0|NA|0|3|"Rebels"
288|"intra"|1999|"Chad"|0|NA|0|3|"Rebels"
288|"intra"|2000|"Chad"|0|NA|0|3|"Rebels"
288|"intra"|2001|"Chad"|0|NA|0|3|"Rebels"
288|"intra"|2002|"Chad"|0|NA|0|3|"Rebels"
288|"intra"|2005|"Chad"|0|0|0|3|"Rebels"
288|"intra"|2006|"Chad"|0|0|0|3|"Rebels"
288|"intra"|2007|"Chad"|0|0|0|3|"Rebels"
288|"intra"|2008|"Chad"|0|0|0|3|"Rebels"
288|"intra"|2009|"Chad"|0|0|0|3|"Rebels"
288|"intra"|2010|"Chad"|0|NA|0|3|"Rebels"
289|"intra"|1989|"Colombia"|0|0|0|1|"Government"
289|"intra"|1990|"Colombia"|1|NA|0|1|"Government"
289|"intra"|1991|"Colombia"|0|0|0|1|"Government"
289|"intra"|1992|"Colombia"|0|1|0|1|"Government"
289|"intra"|1993|"Colombia"|1|1|1|1|"Government"
289|"intra"|1994|"Colombia"|0|0|0|1|"Government"
289|"intra"|1995|"Colombia"|0|0|0|1|"Government"
289|"intra"|1996|"Colombia"|0|0|1|1|"Government"
289|"intra"|1997|"Colombia"|0|1|0|1|"Government"
289|"intra"|1998|"Colombia"|0|0|0|1|"Government"
289|"intra"|1999|"Colombia"|0|0|0|1|"Government"
289|"intra"|2000|"Colombia"|0|0|0|1|"Government"
289|"intra"|2001|"Colombia"|0|0|0|1|"Government"
289|"intra"|2002|"Colombia"|0|0|0|1|"Government"
289|"intra"|2003|"Colombia"|1|NA|1|1|"Government"
289|"intra"|2004|"Colombia"|1|0|0|1|"Government"
289|"intra"|2005|"Colombia"|1|0|0|1|"Government"
289|"intra"|2006|"Colombia"|1|1|0|1|"Government"
289|"intra"|2007|"Colombia"|1|0|1|1|"Government"
289|"intra"|2008|"Colombia"|0|0|0|1|"Government"
289|"intra"|2009|"Colombia"|1|0|0|1|"Government"
289|"intra"|2010|"Colombia"|1|0|1|1|"Government"
289|"intra"|2011|"Colombia"|0|0|0|1|"Government"
289|"intra"|2012|"Colombia"|1|0|0|1|"Government"
289|"intra"|2013|"Colombia"|0|0|0|1|"Government"
289|"intra"|2014|"Colombia"|0|0|0|1|"Government"
289|"intra"|2015|"Colombia"|0|0|0|1|"Government"
289|"intra"|1989|"Colombia"|0|0|0|3|"Rebels"
289|"intra"|1990|"Colombia"|0|NA|0|3|"Rebels"
289|"intra"|1991|"Colombia"|0|0|0|3|"Rebels"
289|"intra"|1992|"Colombia"|0|0|0|3|"Rebels"
289|"intra"|1993|"Colombia"|0|0|0|3|"Rebels"
289|"intra"|1994|"Colombia"|0|0|0|3|"Rebels"
289|"intra"|1995|"Colombia"|0|0|0|3|"Rebels"
289|"intra"|1996|"Colombia"|0|0|0|3|"Rebels"
289|"intra"|1997|"Colombia"|0|0|0|3|"Rebels"
289|"intra"|1998|"Colombia"|0|0|0|3|"Rebels"
289|"intra"|1999|"Colombia"|0|0|1|3|"Rebels"
289|"intra"|2000|"Colombia"|0|0|1|3|"Rebels"
289|"intra"|2001|"Colombia"|1|0|1|3|"Rebels"
289|"intra"|2002|"Colombia"|0|0|1|3|"Rebels"
289|"intra"|2003|"Colombia"|0|NA|1|3|"Rebels"
289|"intra"|2004|"Colombia"|0|0|1|3|"Rebels"
289|"intra"|2005|"Colombia"|0|0|0|3|"Rebels"
289|"intra"|2006|"Colombia"|0|0|0|3|"Rebels"
289|"intra"|2007|"Colombia"|0|1|0|3|"Rebels"
289|"intra"|2008|"Colombia"|0|0|1|3|"Rebels"
289|"intra"|2009|"Colombia"|0|0|1|3|"Rebels"
289|"intra"|2010|"Colombia"|1|0|3|3|"Rebels"
289|"intra"|2011|"Colombia"|0|0|3|3|"Rebels"
289|"intra"|2012|"Colombia"|0|0|3|3|"Rebels"
289|"intra"|2013|"Colombia"|0|0|3|3|"Rebels"
289|"intra"|2014|"Colombia"|0|0|2|3|"Rebels"
289|"intra"|2015|"Colombia"|0|0|2|3|"Rebels"
292|"intra"|1989|"Peru"|2|NA|0|1|"Government"
292|"intra"|1990|"Peru"|2|NA|1|1|"Government"
292|"intra"|1991|"Peru"|1|0|1|1|"Government"
292|"intra"|1992|"Peru"|0|1|1|1|"Government"
292|"intra"|1993|"Peru"|0|0|1|1|"Government"
292|"intra"|1994|"Peru"|0|1|1|1|"Government"
292|"intra"|1995|"Peru"|0|0|0|1|"Government"
292|"intra"|1996|"Peru"|1|1|1|1|"Government"
292|"intra"|1997|"Peru"|0|0|0|1|"Government"
292|"intra"|1998|"Peru"|0|0|0|1|"Government"
292|"intra"|1999|"Peru"|0|0|0|1|"Government"
292|"intra"|2007|"Peru"|0|0|0|1|"Government"
292|"intra"|2008|"Peru"|0|NA|0|1|"Government"
292|"intra"|2009|"Peru"|0|0|0|1|"Government"
292|"intra"|2010|"Peru"|0|0|0|1|"Government"
292|"intra"|1989|"Peru"|0|NA|0|3|"Rebels"
292|"intra"|1990|"Peru"|0|NA|0|3|"Rebels"
292|"intra"|1991|"Peru"|0|0|2|3|"Rebels"
292|"intra"|1992|"Peru"|0|0|0|3|"Rebels"
292|"intra"|1993|"Peru"|0|0|0|3|"Rebels"
292|"intra"|1994|"Peru"|0|0|0|3|"Rebels"
292|"intra"|1995|"Peru"|0|0|0|3|"Rebels"
292|"intra"|1996|"Peru"|0|0|0|3|"Rebels"
292|"intra"|1997|"Peru"|0|0|0|3|"Rebels"
292|"intra"|1998|"Peru"|0|0|0|3|"Rebels"
292|"intra"|1999|"Peru"|0|0|0|3|"Rebels"
292|"intra"|2007|"Peru"|0|0|0|3|"Rebels"
292|"intra"|2008|"Peru"|0|NA|0|3|"Rebels"
292|"intra"|2009|"Peru"|0|0|0|3|"Rebels"
292|"intra"|2010|"Peru"|0|0|0|3|"Rebels"
294|"inter"|2011|"Cambodia"|0|0|0|1|"Cambodia"
294|"inter"|2011|"Cambodia"|0|0|0|1|"Thailand"
297|"intra"|2009|"Nigeria"|0|0|0|1|"Government"
297|"intra"|2011|"Nigeria"|3|2|3|1|"Government"
297|"intra"|2012|"Nigeria"|3|0|3|1|"Government"
297|"intra"|2013|"Nigeria"|3|0|3|1|"Government"
297|"intra"|2014|"Nigeria"|3|0|1|1|"Government"
297|"intra"|2015|"Nigeria"|0|0|1|1|"Government"
297|"intra"|2009|"Nigeria"|0|0|0|3|"Rebels"
297|"intra"|2011|"Nigeria"|0|2|0|3|"Rebels"
297|"intra"|2012|"Nigeria"|0|2|0|3|"Rebels"
297|"intra"|2013|"Nigeria"|0|2|2|3|"Rebels"
297|"intra"|2014|"Nigeria"|3|2|2|3|"Rebels"
297|"intra"|2015|"Nigeria"|3|0|2|3|"Rebels"
299|"intra"|2011|"Syrian Arab Republic"|2|1|2|1|"Government"
299|"intra"|2012|"Syrian Arab Republic"|2|1|3|1|"Government"
299|"intra"|2013|"Syrian Arab Republic"|2|1|3|1|"Government"
299|"intra"|2014|"Syrian Arab Republic"|2|0|3|1|"Government"
299|"intra"|2015|"Syrian Arab Republic"|2|2|3|1|"Government"
299|"intra"|2011|"Syrian Arab Republic"|0|0|0|3|"Rebels"
299|"intra"|2012|"Syrian Arab Republic"|0|0|0|3|"Rebels"
299|"intra"|2013|"Syrian Arab Republic"|0|0|0|3|"Rebels"
299|"intra"|2014|"Syrian Arab Republic"|0|0|0|3|"Rebels"
299|"intra"|2015|"Syrian Arab Republic"|0|0|0|3|"Rebels"
300|"intra"|1989|"Cambodia"|0|0|0|1|"Government"
300|"intra"|1990|"Cambodia"|0|0|0|1|"Government"
300|"intra"|1991|"Cambodia"|0|0|0|1|"Government"
300|"intra"|1992|"Cambodia"|0|0|0|1|"Government"
300|"intra"|1993|"Cambodia"|0|1|0|1|"Government"
300|"intra"|1994|"Cambodia"|0|1|0|1|"Government"
300|"intra"|1995|"Cambodia"|0|NA|0|1|"Government"
300|"intra"|1996|"Cambodia"|1|0|0|1|"Government"
300|"intra"|1997|"Cambodia"|0|0|0|1|"Government"
300|"intra"|1998|"Cambodia"|0|0|0|1|"Government"
300|"intra"|1989|"Cambodia"|0|0|0|3|"Rebels"
300|"intra"|1990|"Cambodia"|0|0|0|3|"Rebels"
300|"intra"|1991|"Cambodia"|0|0|0|3|"Rebels"
300|"intra"|1992|"Cambodia"|0|0|0|3|"Rebels"
300|"intra"|1993|"Cambodia"|0|NA|0|3|"Rebels"
300|"intra"|1994|"Cambodia"|0|3|1|3|"Rebels"
300|"intra"|1995|"Cambodia"|0|NA|0|3|"Rebels"
300|"intra"|1996|"Cambodia"|0|0|0|3|"Rebels"
300|"intra"|1997|"Cambodia"|0|0|0|3|"Rebels"
300|"intra"|1998|"Cambodia"|0|0|0|3|"Rebels"
307|"intra"|2000|"Guinea"|2|2|2|1|"Government"
307|"intra"|2001|"Guinea"|0|0|1|1|"Government"
307|"intra"|2000|"Guinea"|0|0|0|3|"Rebels"
307|"intra"|2001|"Guinea"|0|0|0|3|"Rebels"
308|"intra"|1989|"Philippines"|0|0|0|1|"Government"
308|"intra"|1990|"Philippines"|0|0|0|1|"Government"
308|"intra"|1993|"Philippines"|0|0|0|1|"Government"
308|"intra"|1994|"Philippines"|0|NA|0|1|"Government"
308|"intra"|1995|"Philippines"|0|NA|0|1|"Government"
308|"intra"|1996|"Philippines"|0|NA|0|1|"Government"
308|"intra"|1997|"Philippines"|0|NA|0|1|"Government"
308|"intra"|1998|"Philippines"|0|NA|0|1|"Government"
308|"intra"|1999|"Philippines"|0|NA|0|1|"Government"
308|"intra"|2000|"Philippines"|0|NA|0|1|"Government"
308|"intra"|2001|"Philippines"|1|NA|0|1|"Government"
308|"intra"|2002|"Philippines"|0|NA|0|1|"Government"
308|"intra"|2003|"Philippines"|0|NA|0|1|"Government"
308|"intra"|2004|"Philippines"|0|NA|0|1|"Government"
308|"intra"|2005|"Philippines"|0|NA|0|1|"Government"
308|"intra"|2006|"Philippines"|0|0|0|1|"Government"
308|"intra"|2007|"Philippines"|0|0|0|1|"Government"
308|"intra"|2008|"Philippines"|0|0|0|1|"Government"
308|"intra"|2009|"Philippines"|1|0|0|1|"Government"
308|"intra"|2010|"Philippines"|0|0|0|1|"Government"
308|"intra"|2011|"Philippines"|1|0|0|1|"Government"
308|"intra"|2012|"Philippines"|0|0|0|1|"Government"
308|"intra"|2013|"Philippines"|NA|0|0|1|"Government"
308|"intra"|2014|"Philippines"|0|0|0|1|"Government"
308|"intra"|2015|"Philippines"|0|0|0|1|"Government"
308|"intra"|1989|"Philippines"|0|0|0|3|"Rebels"
308|"intra"|1990|"Philippines"|0|0|0|3|"Rebels"
308|"intra"|1993|"Philippines"|0|0|0|3|"Rebels"
308|"intra"|1994|"Philippines"|0|NA|0|3|"Rebels"
308|"intra"|1995|"Philippines"|0|NA|0|3|"Rebels"
308|"intra"|1996|"Philippines"|0|NA|0|3|"Rebels"
308|"intra"|1997|"Philippines"|0|NA|0|3|"Rebels"
308|"intra"|1998|"Philippines"|0|NA|0|3|"Rebels"
308|"intra"|1999|"Philippines"|0|NA|0|3|"Rebels"
308|"intra"|2000|"Philippines"|0|NA|1|3|"Rebels"
308|"intra"|2001|"Philippines"|0|NA|0|3|"Rebels"
308|"intra"|2002|"Philippines"|0|NA|0|3|"Rebels"
308|"intra"|2003|"Philippines"|0|NA|0|3|"Rebels"
308|"intra"|2004|"Philippines"|0|NA|0|3|"Rebels"
308|"intra"|2005|"Philippines"|0|NA|0|3|"Rebels"
308|"intra"|2006|"Philippines"|0|0|0|3|"Rebels"
308|"intra"|2007|"Philippines"|0|0|0|3|"Rebels"
308|"intra"|2008|"Philippines"|0|0|0|3|"Rebels"
308|"intra"|2009|"Philippines"|0|0|0|3|"Rebels"
308|"intra"|2010|"Philippines"|0|0|0|3|"Rebels"
308|"intra"|2011|"Philippines"|0|0|0|3|"Rebels"
308|"intra"|2012|"Philippines"|0|0|0|3|"Rebels"
308|"intra"|2013|"Philippines"|NA|0|0|3|"Rebels"
308|"intra"|2014|"Philippines"|0|0|0|3|"Rebels"
308|"intra"|2015|"Philippines"|0|0|0|3|"Rebels"
309|"intra"|1989|"Sudan"|0|0|1|1|"Government"
309|"intra"|1990|"Sudan"|0|0|0|1|"Government"
309|"intra"|1991|"Sudan"|0|0|0|1|"Government"
309|"intra"|1992|"Sudan"|2|1|1|1|"Government"
309|"intra"|1993|"Sudan"|2|0|2|1|"Government"
309|"intra"|1994|"Sudan"|2|0|2|1|"Government"
309|"intra"|1995|"Sudan"|0|0|2|1|"Government"
309|"intra"|1996|"Sudan"|0|0|1|1|"Government"
309|"intra"|1997|"Sudan"|0|1|1|1|"Government"
309|"intra"|1998|"Sudan"|0|0|1|1|"Government"
309|"intra"|1999|"Sudan"|1|2|2|1|"Government"
309|"intra"|2000|"Sudan"|3|0|1|1|"Government"
309|"intra"|2001|"Sudan"|1|1|1|1|"Government"
309|"intra"|2002|"Sudan"|1|1|1|1|"Government"
309|"intra"|2003|"Sudan"|2|NA|1|1|"Government"
309|"intra"|2004|"Sudan"|2|3|2|1|"Government"
309|"intra"|2005|"Sudan"|1|1|3|1|"Government"
309|"intra"|2006|"Sudan"|1|2|3|1|"Government"
309|"intra"|2007|"Sudan"|0|1|3|1|"Government"
309|"intra"|2008|"Sudan"|0|1|1|1|"Government"
309|"intra"|2009|"Sudan"|1|1|2|1|"Government"
309|"intra"|2010|"Sudan"|1|2|1|1|"Government"
309|"intra"|2011|"Sudan"|1|1|2|1|"Government"
309|"intra"|2012|"Sudan"|2|1|2|1|"Government"
309|"intra"|2013|"Sudan"|0|0|2|1|"Government"
309|"intra"|2014|"Sudan"|1|3|3|1|"Government"
309|"intra"|2015|"Sudan"|1|3|3|1|"Government"
309|"intra"|1989|"Sudan"|0|0|1|3|"Rebels"
309|"intra"|1990|"Sudan"|0|0|1|3|"Rebels"
309|"intra"|1991|"Sudan"|0|0|0|3|"Rebels"
309|"intra"|1992|"Sudan"|1|2|0|3|"Rebels"
309|"intra"|1993|"Sudan"|0|2|2|3|"Rebels"
309|"intra"|1994|"Sudan"|0|0|0|3|"Rebels"
309|"intra"|1995|"Sudan"|1|0|0|3|"Rebels"
309|"intra"|1996|"Sudan"|0|0|0|3|"Rebels"
309|"intra"|1997|"Sudan"|0|0|1|3|"Rebels"
309|"intra"|1998|"Sudan"|0|1|1|3|"Rebels"
309|"intra"|1999|"Sudan"|0|0|1|3|"Rebels"
309|"intra"|2000|"Sudan"|0|1|1|3|"Rebels"
309|"intra"|2001|"Sudan"|1|0|1|3|"Rebels"
309|"intra"|2002|"Sudan"|1|1|2|3|"Rebels"
309|"intra"|2003|"Sudan"|1|NA|1|3|"Rebels"
309|"intra"|2004|"Sudan"|0|1|1|3|"Rebels"
309|"intra"|2005|"Sudan"|0|0|1|3|"Rebels"
309|"intra"|2006|"Sudan"|2|1|1|3|"Rebels"
309|"intra"|2007|"Sudan"|0|0|1|3|"Rebels"
309|"intra"|2008|"Sudan"|0|0|0|3|"Rebels"
309|"intra"|2009|"Sudan"|0|0|0|3|"Rebels"
309|"intra"|2010|"Sudan"|1|0|0|3|"Rebels"
309|"intra"|2011|"Sudan"|0|0|0|3|"Rebels"
309|"intra"|2012|"Sudan"|0|0|0|3|"Rebels"
309|"intra"|2013|"Sudan"|0|0|0|3|"Rebels"
309|"intra"|2014|"Sudan"|0|0|0|3|"Rebels"
309|"intra"|2015|"Sudan"|0|0|0|3|"Rebels"
313|"intra"|1989|"Sri Lanka"|0|0|0|1|"Government"
313|"intra"|1990|"Sri Lanka"|0|NA|0|1|"Government"
313|"intra"|1989|"Sri Lanka"|0|0|0|3|"Rebels"
313|"intra"|1990|"Sri Lanka"|0|NA|0|3|"Rebels"
314|"intra"|1989|"Uganda"|1|NA|0|1|"Government"
314|"intra"|1990|"Uganda"|1|NA|1|1|"Government"
314|"intra"|1991|"Uganda"|2|1|1|1|"Government"
314|"intra"|1992|"Uganda"|0|NA|1|1|"Government"
314|"intra"|1994|"Uganda"|0|NA|1|1|"Government"
314|"intra"|1995|"Uganda"|0|NA|0|1|"Government"
314|"intra"|1996|"Uganda"|2|NA|0|1|"Government"
314|"intra"|1997|"Uganda"|1|NA|1|1|"Government"
314|"intra"|1998|"Uganda"|1|1|1|1|"Government"
314|"intra"|1999|"Uganda"|0|0|1|1|"Government"
314|"intra"|2000|"Uganda"|0|NA|0|1|"Government"
314|"intra"|2001|"Uganda"|0|NA|0|1|"Government"
314|"intra"|2002|"Uganda"|0|2|0|1|"Government"
314|"intra"|2003|"Uganda"|0|1|1|1|"Government"
314|"intra"|2004|"Uganda"|0|1|1|1|"Government"
314|"intra"|2005|"Uganda"|1|1|1|1|"Government"
314|"intra"|2006|"Uganda"|1|0|1|1|"Government"
314|"intra"|2007|"Uganda"|0|0|1|1|"Government"
314|"intra"|2008|"Uganda"|0|0|1|1|"Government"
314|"intra"|2009|"Uganda"|0|0|1|1|"Government"
314|"intra"|2010|"Uganda"|0|0|1|1|"Government"
314|"intra"|2011|"Uganda"|0|0|0|1|"Government"
314|"intra"|2013|"Uganda"|NA|0|0|1|"Government"
314|"intra"|2014|"Uganda"|0|0|0|1|"Government"
314|"intra"|2015|"Uganda"|0|0|0|1|"Government"
314|"intra"|1989|"Uganda"|0|NA|0|3|"Rebels"
314|"intra"|1990|"Uganda"|0|NA|0|3|"Rebels"
314|"intra"|1991|"Uganda"|1|NA|1|3|"Rebels"
314|"intra"|1992|"Uganda"|0|NA|0|3|"Rebels"
314|"intra"|1994|"Uganda"|1|NA|2|3|"Rebels"
314|"intra"|1995|"Uganda"|1|1|2|3|"Rebels"
314|"intra"|1996|"Uganda"|1|NA|2|3|"Rebels"
314|"intra"|1997|"Uganda"|2|NA|2|3|"Rebels"
314|"intra"|1998|"Uganda"|2|0|2|3|"Rebels"
314|"intra"|1999|"Uganda"|1|0|0|3|"Rebels"
314|"intra"|2000|"Uganda"|1|NA|1|3|"Rebels"
314|"intra"|2001|"Uganda"|0|NA|2|3|"Rebels"
314|"intra"|2002|"Uganda"|0|0|1|3|"Rebels"
314|"intra"|2003|"Uganda"|1|0|2|3|"Rebels"
314|"intra"|2004|"Uganda"|2|1|2|3|"Rebels"
314|"intra"|2005|"Uganda"|0|0|2|3|"Rebels"
314|"intra"|2006|"Uganda"|2|0|1|3|"Rebels"
314|"intra"|2007|"Uganda"|0|0|0|3|"Rebels"
314|"intra"|2008|"Uganda"|0|0|0|3|"Rebels"
314|"intra"|2009|"Uganda"|0|0|0|3|"Rebels"
314|"intra"|2010|"Uganda"|0|0|3|3|"Rebels"
314|"intra"|2011|"Uganda"|0|0|3|3|"Rebels"
314|"intra"|2013|"Uganda"|NA|0|0|3|"Rebels"
314|"intra"|2014|"Uganda"|0|0|0|3|"Rebels"
314|"intra"|2015|"Uganda"|0|0|0|3|"Rebels"
315|"intra"|1989|"United Kingdom"|NA|NA|0|1|"Government"
315|"intra"|1990|"United Kingdom"|NA|NA|0|1|"Government"
315|"intra"|1991|"United Kingdom"|NA|0|0|1|"Government"
315|"intra"|1998|"United Kingdom"|0|0|0|1|"Government"
315|"intra"|1989|"United Kingdom"|NA|NA|0|3|"Rebels"
315|"intra"|1990|"United Kingdom"|NA|NA|0|3|"Rebels"
315|"intra"|1991|"United Kingdom"|NA|0|0|3|"Rebels"
315|"intra"|1998|"United Kingdom"|0|0|0|3|"Rebels"
316|"intra"|1989|"El Salvador"|1|1|0|1|"Government"
316|"intra"|1990|"El Salvador"|0|NA|0|1|"Government"
316|"intra"|1991|"El Salvador"|0|0|0|1|"Government"
316|"intra"|1989|"El Salvador"|0|0|0|3|"Rebels"
316|"intra"|1990|"El Salvador"|0|NA|0|3|"Rebels"
316|"intra"|1991|"El Salvador"|0|0|0|3|"Rebels"
322|"intra"|1989|"Bangladesh"|2|NA|0|1|"Government"
322|"intra"|1990|"Bangladesh"|1|NA|0|1|"Government"
322|"intra"|1991|"Bangladesh"|0|NA|0|1|"Government"
322|"intra"|1989|"Bangladesh"|0|NA|0|3|"Rebels"
322|"intra"|1990|"Bangladesh"|0|NA|0|3|"Rebels"
322|"intra"|1991|"Bangladesh"|0|NA|0|3|"Rebels"
325|"intra"|2004|"Pakistan"|0|0|0|1|"Government"
325|"intra"|2006|"Pakistan"|0|0|0|1|"Government"
325|"intra"|2007|"Pakistan"|0|0|0|1|"Government"
325|"intra"|2008|"Pakistan"|0|0|0|1|"Government"
325|"intra"|2009|"Pakistan"|0|0|0|1|"Government"
325|"intra"|2011|"Pakistan"|0|0|0|1|"Government"
325|"intra"|2012|"Pakistan"|0|0|0|1|"Government"
325|"intra"|2013|"Pakistan"|NA|0|0|1|"Government"
325|"intra"|2014|"Pakistan"|0|0|0|1|"Government"
325|"intra"|2015|"Pakistan"|0|0|0|1|"Government"
325|"intra"|2004|"Pakistan"|0|0|0|3|"Rebels"
325|"intra"|2006|"Pakistan"|0|0|0|3|"Rebels"
325|"intra"|2007|"Pakistan"|0|0|0|3|"Rebels"
325|"intra"|2008|"Pakistan"|0|0|0|3|"Rebels"
325|"intra"|2009|"Pakistan"|0|0|0|3|"Rebels"
325|"intra"|2011|"Pakistan"|0|0|0|3|"Rebels"
325|"intra"|2012|"Pakistan"|0|0|0|3|"Rebels"
325|"intra"|2013|"Pakistan"|NA|0|0|3|"Rebels"
325|"intra"|2014|"Pakistan"|0|0|0|3|"Rebels"
325|"intra"|2015|"Pakistan"|0|0|0|3|"Rebels"
326|"intra"|1997|"Eritrea"|0|NA|0|1|"Government"
326|"intra"|1999|"Eritrea"|0|NA|0|1|"Government"
326|"intra"|2003|"Eritrea"|0|NA|0|1|"Government"
326|"intra"|1997|"Eritrea"|0|NA|0|3|"Rebels"
326|"intra"|1999|"Eritrea"|0|NA|0|3|"Rebels"
326|"intra"|2003|"Eritrea"|0|NA|0|3|"Rebels"
327|"intra"|1989|"Angola"|0|0|0|1|"Government"
327|"intra"|1990|"Angola"|0|0|0|1|"Government"
327|"intra"|1991|"Angola"|0|0|0|1|"Government"
327|"intra"|1992|"Angola"|0|0|0|1|"Government"
327|"intra"|1993|"Angola"|0|0|0|1|"Government"
327|"intra"|1994|"Angola"|0|0|0|1|"Government"
327|"intra"|1995|"Angola"|0|0|1|1|"Government"
327|"intra"|1998|"Angola"|0|1|1|1|"Government"
327|"intra"|1999|"Angola"|0|0|1|1|"Government"
327|"intra"|2000|"Angola"|0|2|1|1|"Government"
327|"intra"|2001|"Angola"|0|0|1|1|"Government"
327|"intra"|2002|"Angola"|0|1|1|1|"Government"
327|"intra"|1989|"Angola"|0|0|0|3|"Rebels"
327|"intra"|1990|"Angola"|0|0|0|3|"Rebels"
327|"intra"|1991|"Angola"|0|0|0|3|"Rebels"
327|"intra"|1992|"Angola"|0|0|0|3|"Rebels"
327|"intra"|1993|"Angola"|1|0|0|3|"Rebels"
327|"intra"|1994|"Angola"|0|0|0|3|"Rebels"
327|"intra"|1995|"Angola"|0|1|1|3|"Rebels"
327|"intra"|1998|"Angola"|0|0|0|3|"Rebels"
327|"intra"|1999|"Angola"|1|1|2|3|"Rebels"
327|"intra"|2000|"Angola"|0|0|2|3|"Rebels"
327|"intra"|2001|"Angola"|2|1|2|3|"Rebels"
327|"intra"|2002|"Angola"|0|1|2|3|"Rebels"
329|"intra"|1993|"Ethiopia"|0|0|0|1|"Government"
329|"intra"|1994|"Ethiopia"|0|0|0|1|"Government"
329|"intra"|1996|"Ethiopia"|0|0|0|1|"Government"
329|"intra"|1999|"Ethiopia"|0|0|0|1|"Government"
329|"intra"|2000|"Ethiopia"|0|0|0|1|"Government"
329|"intra"|2001|"Ethiopia"|0|0|0|1|"Government"
329|"intra"|2002|"Ethiopia"|1|0|0|1|"Government"
329|"intra"|2004|"Ethiopia"|0|0|0|1|"Government"
329|"intra"|2005|"Ethiopia"|0|0|0|1|"Government"
329|"intra"|2006|"Ethiopia"|0|0|0|1|"Government"
329|"intra"|2007|"Ethiopia"|1|2|0|1|"Government"
329|"intra"|2008|"Ethiopia"|0|0|0|1|"Government"
329|"intra"|2009|"Ethiopia"|1|0|2|1|"Government"
329|"intra"|2010|"Ethiopia"|0|0|0|1|"Government"
329|"intra"|2011|"Ethiopia"|1|0|0|1|"Government"
329|"intra"|2012|"Ethiopia"|2|0|0|1|"Government"
329|"intra"|2013|"Ethiopia"|0|0|0|1|"Government"
329|"intra"|2014|"Ethiopia"|2|0|0|1|"Government"
329|"intra"|2015|"Ethiopia"|0|0|0|1|"Government"
329|"intra"|1993|"Ethiopia"|0|0|0|3|"Rebels"
329|"intra"|1994|"Ethiopia"|0|0|0|3|"Rebels"
329|"intra"|1996|"Ethiopia"|0|0|0|3|"Rebels"
329|"intra"|1999|"Ethiopia"|0|0|0|3|"Rebels"
329|"intra"|2000|"Ethiopia"|0|0|0|3|"Rebels"
329|"intra"|2001|"Ethiopia"|0|0|0|3|"Rebels"
329|"intra"|2002|"Ethiopia"|0|0|0|3|"Rebels"
329|"intra"|2004|"Ethiopia"|0|0|0|3|"Rebels"
329|"intra"|2005|"Ethiopia"|0|0|0|3|"Rebels"
329|"intra"|2006|"Ethiopia"|0|0|0|3|"Rebels"
329|"intra"|2007|"Ethiopia"|0|0|0|3|"Rebels"
329|"intra"|2008|"Ethiopia"|0|0|0|3|"Rebels"
329|"intra"|2009|"Ethiopia"|0|0|0|3|"Rebels"
329|"intra"|2010|"Ethiopia"|0|0|0|3|"Rebels"
329|"intra"|2011|"Ethiopia"|0|0|0|3|"Rebels"
329|"intra"|2012|"Ethiopia"|0|0|0|3|"Rebels"
329|"intra"|2013|"Ethiopia"|0|0|0|3|"Rebels"
329|"intra"|2014|"Ethiopia"|0|0|0|3|"Rebels"
329|"intra"|2015|"Ethiopia"|0|0|0|3|"Rebels"
330|"intra"|1992|"Indonesia"|1|0|0|1|"Government"
330|"intra"|1997|"Indonesia"|0|0|1|1|"Government"
330|"intra"|1998|"Indonesia"|2|0|2|1|"Government"
330|"intra"|1992|"Indonesia"|0|0|0|3|"Rebels"
330|"intra"|1997|"Indonesia"|0|0|0|3|"Rebels"
330|"intra"|1998|"Indonesia"|0|0|0|3|"Rebels"
331|"intra"|1989|"Morocco"|0|NA|0|1|"Government"
331|"intra"|1989|"Morocco"|0|NA|0|3|"Rebels"
332|"intra"|1989|"Mozambique"|0|0|0|1|"Government"
332|"intra"|1990|"Mozambique"|0|0|0|1|"Government"
332|"intra"|1991|"Mozambique"|0|0|0|1|"Government"
332|"intra"|1992|"Mozambique"|0|0|0|1|"Government"
332|"intra"|2013|"Mozambique"|0|NA|0|1|"Government"
332|"intra"|1989|"Mozambique"|0|0|2|3|"Rebels"
332|"intra"|1990|"Mozambique"|0|0|2|3|"Rebels"
332|"intra"|1991|"Mozambique"|0|0|0|3|"Rebels"
332|"intra"|1992|"Mozambique"|0|0|0|3|"Rebels"
332|"intra"|2013|"Mozambique"|0|NA|0|3|"Rebels"
333|"intra"|1989|"Afghanistan"|0|0|0|1|"Government"
333|"intra"|1990|"Afghanistan"|0|0|0|1|"Government"
333|"intra"|1991|"Afghanistan"|0|0|0|1|"Government"
333|"intra"|1992|"Afghanistan"|0|0|0|1|"Government"
333|"intra"|1993|"Afghanistan"|1|0|0|1|"Government"
333|"intra"|1994|"Afghanistan"|0|NA|0|1|"Government"
333|"intra"|1995|"Afghanistan"|1|NA|0|1|"Government"
333|"intra"|1996|"Afghanistan"|1|NA|0|1|"Government"
333|"intra"|1997|"Afghanistan"|0|NA|0|1|"Government"
333|"intra"|1998|"Afghanistan"|0|0|0|1|"Government"
333|"intra"|1999|"Afghanistan"|0|0|0|1|"Government"
333|"intra"|2000|"Afghanistan"|0|0|0|1|"Government"
333|"intra"|2001|"Afghanistan"|0|0|0|1|"Government"
333|"intra"|2003|"Afghanistan"|0|1|0|1|"Government"
333|"intra"|2004|"Afghanistan"|0|2|0|1|"Government"
333|"intra"|2005|"Afghanistan"|0|0|0|1|"Government"
333|"intra"|2006|"Afghanistan"|0|0|0|1|"Government"
333|"intra"|2007|"Afghanistan"|0|0|0|1|"Government"
333|"intra"|2008|"Afghanistan"|0|0|1|1|"Government"
333|"intra"|2009|"Afghanistan"|0|0|1|1|"Government"
333|"intra"|2010|"Afghanistan"|0|0|1|1|"Government"
333|"intra"|2011|"Afghanistan"|0|1|3|1|"Government"
333|"intra"|2012|"Afghanistan"|0|0|1|1|"Government"
333|"intra"|2013|"Afghanistan"|NA|0|3|1|"Government"
333|"intra"|2014|"Afghanistan"|0|0|1|1|"Government"
333|"intra"|2015|"Afghanistan"|0|0|1|1|"Government"
333|"intra"|1989|"Afghanistan"|0|0|0|3|"Rebels"
333|"intra"|1990|"Afghanistan"|0|0|0|3|"Rebels"
333|"intra"|1991|"Afghanistan"|0|0|0|3|"Rebels"
333|"intra"|1992|"Afghanistan"|0|0|0|3|"Rebels"
333|"intra"|1993|"Afghanistan"|0|0|3|3|"Rebels"
333|"intra"|1994|"Afghanistan"|1|NA|0|3|"Rebels"
333|"intra"|1995|"Afghanistan"|0|NA|0|3|"Rebels"
333|"intra"|1996|"Afghanistan"|0|NA|0|3|"Rebels"
333|"intra"|1997|"Afghanistan"|0|NA|0|3|"Rebels"
333|"intra"|1998|"Afghanistan"|0|0|0|3|"Rebels"
333|"intra"|1999|"Afghanistan"|0|0|0|3|"Rebels"
333|"intra"|2000|"Afghanistan"|0|0|0|3|"Rebels"
333|"intra"|2001|"Afghanistan"|0|0|0|3|"Rebels"
333|"intra"|2002|"Afghanistan"|0|0|0|3|"Rebels"
333|"intra"|2003|"Afghanistan"|0|0|0|3|"Rebels"
333|"intra"|2004|"Afghanistan"|0|0|0|3|"Rebels"
333|"intra"|2005|"Afghanistan"|0|0|0|3|"Rebels"
333|"intra"|2006|"Afghanistan"|0|0|0|3|"Rebels"
333|"intra"|2007|"Afghanistan"|0|0|0|3|"Rebels"
333|"intra"|2008|"Afghanistan"|0|0|0|3|"Rebels"
333|"intra"|2009|"Afghanistan"|0|0|0|3|"Rebels"
333|"intra"|2010|"Afghanistan"|1|0|0|3|"Rebels"
333|"intra"|2011|"Afghanistan"|0|0|0|3|"Rebels"
333|"intra"|2012|"Afghanistan"|0|0|0|3|"Rebels"
333|"intra"|2013|"Afghanistan"|NA|0|0|3|"Rebels"
333|"intra"|2014|"Afghanistan"|0|0|0|3|"Rebels"
333|"intra"|2015|"Afghanistan"|2|0|0|3|"Rebels"
335|"intra"|1992|"India"|0|0|0|1|"Government"
335|"intra"|1997|"India"|0|0|0|1|"Government"
335|"intra"|1999|"India"|0|0|0|1|"Government"
335|"intra"|2000|"India"|0|0|0|1|"Government"
335|"intra"|2001|"India"|0|0|1|1|"Government"
335|"intra"|2002|"India"|0|0|0|1|"Government"
335|"intra"|2003|"India"|0|NA|0|1|"Government"
335|"intra"|2004|"India"|0|0|0|1|"Government"
335|"intra"|1992|"India"|0|0|0|3|"Rebels"
335|"intra"|1997|"India"|0|0|0|3|"Rebels"
335|"intra"|1999|"India"|0|0|0|3|"Rebels"
335|"intra"|2000|"India"|0|0|0|3|"Rebels"
335|"intra"|2001|"India"|0|0|0|3|"Rebels"
335|"intra"|2002|"India"|0|0|0|3|"Rebels"
335|"intra"|2003|"India"|0|NA|0|3|"Rebels"
335|"intra"|2004|"India"|0|0|0|3|"Rebels"
336|"intra"|1989|"Nicaragua"|0|NA|0|1|"Government"
336|"intra"|1990|"Nicaragua"|0|NA|0|1|"Government"
336|"intra"|1989|"Nicaragua"|0|NA|0|3|"Rebels"
336|"intra"|1990|"Nicaragua"|0|NA|0|3|"Rebels"
337|"intra"|1989|"Somalia"|0|0|1|1|"Government"
337|"intra"|1990|"Somalia"|0|0|1|1|"Government"
337|"intra"|1991|"Somalia"|0|1|0|1|"Government"
337|"intra"|1992|"Somalia"|0|0|0|1|"Government"
337|"intra"|1993|"Somalia"|0|0|0|1|"Government"
337|"intra"|1994|"Somalia"|0|NA|0|1|"Government"
337|"intra"|1995|"Somalia"|0|NA|0|1|"Government"
337|"intra"|1996|"Somalia"|0|NA|0|1|"Government"
337|"intra"|2001|"Somalia"|0|NA|0|1|"Government"
337|"intra"|2002|"Somalia"|0|NA|0|1|"Government"
337|"intra"|2006|"Somalia"|0|NA|0|1|"Government"
337|"intra"|2007|"Somalia"|2|0|1|1|"Government"
337|"intra"|2008|"Somalia"|1|1|1|1|"Government"
337|"intra"|2009|"Somalia"|0|0|0|1|"Government"
337|"intra"|2010|"Somalia"|0|0|1|1|"Government"
337|"intra"|2011|"Somalia"|0|2|1|1|"Government"
337|"intra"|2012|"Somalia"|0|1|2|1|"Government"
337|"intra"|2013|"Somalia"|2|3|2|1|"Government"
337|"intra"|2014|"Somalia"|1|1|2|1|"Government"
337|"intra"|2015|"Somalia"|1|0|2|1|"Government"
337|"intra"|1989|"Somalia"|0|0|0|3|"Rebels"
337|"intra"|1990|"Somalia"|0|0|0|3|"Rebels"
337|"intra"|1991|"Somalia"|1|NA|2|3|"Rebels"
337|"intra"|1992|"Somalia"|1|2|0|3|"Rebels"
337|"intra"|1993|"Somalia"|0|0|0|3|"Rebels"
337|"intra"|1994|"Somalia"|0|NA|0|3|"Rebels"
337|"intra"|1995|"Somalia"|0|NA|0|3|"Rebels"
337|"intra"|1996|"Somalia"|0|NA|0|3|"Rebels"
337|"intra"|2001|"Somalia"|0|NA|0|3|"Rebels"
337|"intra"|2002|"Somalia"|0|NA|0|3|"Rebels"
337|"intra"|2006|"Somalia"|0|NA|0|3|"Rebels"
337|"intra"|2007|"Somalia"|0|0|0|3|"Rebels"
337|"intra"|2008|"Somalia"|0|0|0|3|"Rebels"
337|"intra"|2009|"Somalia"|1|0|1|3|"Rebels"
337|"intra"|2010|"Somalia"|1|2|0|3|"Rebels"
337|"intra"|2011|"Somalia"|1|2|2|3|"Rebels"
337|"intra"|2012|"Somalia"|0|1|2|3|"Rebels"
337|"intra"|2013|"Somalia"|0|2|1|3|"Rebels"
337|"intra"|2014|"Somalia"|1|1|1|3|"Rebels"
337|"intra"|2015|"Somalia"|0|0|1|3|"Rebels"
338|"intra"|1991|"Iran, Islamic Rep."|0|NA|0|1|"Government"
338|"intra"|1993|"Iran, Islamic Rep."|0|0|0|1|"Government"
338|"intra"|1997|"Iran, Islamic Rep."|0|0|0|1|"Government"
338|"intra"|1999|"Iran, Islamic Rep."|0|0|0|1|"Government"
338|"intra"|2000|"Iran, Islamic Rep."|0|0|0|1|"Government"
338|"intra"|2001|"Iran, Islamic Rep."|0|0|0|1|"Government"
338|"intra"|2005|"Iran, Islamic Rep."|0|0|0|1|"Government"
338|"intra"|2006|"Iran, Islamic Rep."|0|0|0|1|"Government"
338|"intra"|2007|"Iran, Islamic Rep."|0|0|0|1|"Government"
338|"intra"|2008|"Iran, Islamic Rep."|0|0|0|1|"Government"
338|"intra"|2009|"Iran, Islamic Rep."|0|0|0|1|"Government"
338|"intra"|2010|"Iran, Islamic Rep."|0|0|0|1|"Government"
338|"intra"|2011|"Iran, Islamic Rep."|0|0|0|1|"Government"
338|"intra"|1991|"Iran, Islamic Rep."|0|NA|0|3|"Rebels"
338|"intra"|1993|"Iran, Islamic Rep."|0|0|0|3|"Rebels"
338|"intra"|1997|"Iran, Islamic Rep."|0|0|0|3|"Rebels"
338|"intra"|1999|"Iran, Islamic Rep."|0|0|0|3|"Rebels"
338|"intra"|2000|"Iran, Islamic Rep."|0|0|0|3|"Rebels"
338|"intra"|2001|"Iran, Islamic Rep."|0|0|0|3|"Rebels"
338|"intra"|2005|"Iran, Islamic Rep."|0|0|0|3|"Rebels"
338|"intra"|2006|"Iran, Islamic Rep."|0|0|0|3|"Rebels"
338|"intra"|2007|"Iran, Islamic Rep."|0|0|0|3|"Rebels"
338|"intra"|2008|"Iran, Islamic Rep."|0|0|0|3|"Rebels"
338|"intra"|2009|"Iran, Islamic Rep."|0|0|0|3|"Rebels"
338|"intra"|2010|"Iran, Islamic Rep."|0|0|0|3|"Rebels"
338|"intra"|2011|"Iran, Islamic Rep."|0|0|0|3|"Rebels"
341|"intra"|1989|"Liberia"|0|0|0|1|"Government"
341|"intra"|1990|"Liberia"|0|0|0|1|"Government"
341|"intra"|2000|"Liberia"|2|0|1|1|"Government"
341|"intra"|2001|"Liberia"|1|1|1|1|"Government"
341|"intra"|2002|"Liberia"|0|1|1|1|"Government"
341|"intra"|2003|"Liberia"|2|1|1|1|"Government"
341|"intra"|1989|"Liberia"|0|0|0|3|"Rebels"
341|"intra"|1990|"Liberia"|0|0|0|3|"Rebels"
341|"intra"|2000|"Liberia"|0|0|0|3|"Rebels"
341|"intra"|2001|"Liberia"|1|1|0|3|"Rebels"
341|"intra"|2002|"Liberia"|1|1|0|3|"Rebels"
341|"intra"|2003|"Liberia"|2|2|0|3|"Rebels"
342|"intra"|1991|"Spain"|NA|NA|0|1|"Government"
342|"intra"|1991|"Spain"|NA|NA|0|3|"Rebels"
347|"intra"|1993|"India"|0|0|0|1|"Government"
347|"intra"|1994|"India"|0|0|0|1|"Government"
347|"intra"|1995|"India"|0|0|0|1|"Government"
347|"intra"|1996|"India"|1|0|1|1|"Government"
347|"intra"|1998|"India"|1|0|0|1|"Government"
347|"intra"|1999|"India"|0|0|0|1|"Government"
347|"intra"|2000|"India"|1|0|1|1|"Government"
347|"intra"|2003|"India"|0|NA|1|1|"Government"
347|"intra"|2004|"India"|1|1|1|1|"Government"
347|"intra"|2005|"India"|0|0|0|1|"Government"
347|"intra"|2006|"India"|0|1|0|1|"Government"
347|"intra"|2007|"India"|0|0|0|1|"Government"
347|"intra"|2008|"India"|0|0|0|1|"Government"
347|"intra"|2009|"India"|0|0|0|1|"Government"
347|"intra"|1993|"India"|0|0|0|3|"Rebels"
347|"intra"|1994|"India"|0|0|0|3|"Rebels"
347|"intra"|1995|"India"|0|0|0|3|"Rebels"
347|"intra"|1996|"India"|0|0|0|3|"Rebels"
347|"intra"|1998|"India"|0|0|0|3|"Rebels"
347|"intra"|1999|"India"|0|0|0|3|"Rebels"
347|"intra"|2000|"India"|0|0|0|3|"Rebels"
347|"intra"|2003|"India"|0|NA|0|3|"Rebels"
347|"intra"|2004|"India"|0|0|0|3|"Rebels"
347|"intra"|2005|"India"|0|0|0|3|"Rebels"
347|"intra"|2006|"India"|0|0|0|3|"Rebels"
347|"intra"|2007|"India"|0|0|0|3|"Rebels"
347|"intra"|2008|"India"|0|0|0|3|"Rebels"
347|"intra"|2009|"India"|0|0|0|3|"Rebels"
351|"intra"|1989|"India"|1|0|0|1|"Government"
351|"intra"|1990|"India"|0|1|0|1|"Government"
351|"intra"|1991|"India"|0|1|1|1|"Government"
351|"intra"|1992|"India"|0|1|0|1|"Government"
351|"intra"|1993|"India"|0|0|0|1|"Government"
351|"intra"|1989|"India"|0|0|0|3|"Rebels"
351|"intra"|1990|"India"|0|0|0|3|"Rebels"
351|"intra"|1991|"India"|0|0|0|3|"Rebels"
351|"intra"|1992|"India"|2|0|0|3|"Rebels"
351|"intra"|1993|"India"|0|0|0|3|"Rebels"
352|"intra"|1989|"Sri Lanka"|0|0|0|1|"Government"
352|"intra"|1990|"Sri Lanka"|0|NA|0|1|"Government"
352|"intra"|1991|"Sri Lanka"|0|0|0|1|"Government"
352|"intra"|1992|"Sri Lanka"|0|0|0|1|"Government"
352|"intra"|1993|"Sri Lanka"|0|0|0|1|"Government"
352|"intra"|1994|"Sri Lanka"|0|NA|0|1|"Government"
352|"intra"|1995|"Sri Lanka"|1|0|0|1|"Government"
352|"intra"|1996|"Sri Lanka"|1|1|1|1|"Government"
352|"intra"|1997|"Sri Lanka"|1|NA|0|1|"Government"
352|"intra"|1998|"Sri Lanka"|0|0|0|1|"Government"
352|"intra"|1999|"Sri Lanka"|0|0|1|1|"Government"
352|"intra"|2000|"Sri Lanka"|0|0|0|1|"Government"
352|"intra"|2001|"Sri Lanka"|1|1|1|1|"Government"
352|"intra"|2003|"Sri Lanka"|0|0|1|1|"Government"
352|"intra"|2005|"Sri Lanka"|0|0|0|1|"Government"
352|"intra"|2006|"Sri Lanka"|0|1|0|1|"Government"
352|"intra"|2007|"Sri Lanka"|0|1|0|1|"Government"
352|"intra"|2008|"Sri Lanka"|0|1|0|1|"Government"
352|"intra"|2009|"Sri Lanka"|1|1|0|1|"Government"
352|"intra"|1989|"Sri Lanka"|0|0|0|3|"Rebels"
352|"intra"|1990|"Sri Lanka"|0|NA|0|3|"Rebels"
352|"intra"|1991|"Sri Lanka"|0|0|0|3|"Rebels"
352|"intra"|1992|"Sri Lanka"|0|0|0|3|"Rebels"
352|"intra"|1993|"Sri Lanka"|0|0|0|3|"Rebels"
352|"intra"|1994|"Sri Lanka"|0|NA|0|3|"Rebels"
352|"intra"|1995|"Sri Lanka"|0|0|3|3|"Rebels"
352|"intra"|1996|"Sri Lanka"|0|0|0|3|"Rebels"
352|"intra"|1997|"Sri Lanka"|0|NA|0|3|"Rebels"
352|"intra"|1998|"Sri Lanka"|0|0|0|3|"Rebels"
352|"intra"|1999|"Sri Lanka"|0|0|0|3|"Rebels"
352|"intra"|2000|"Sri Lanka"|0|0|0|3|"Rebels"
352|"intra"|2001|"Sri Lanka"|0|0|0|3|"Rebels"
352|"intra"|2003|"Sri Lanka"|0|0|0|3|"Rebels"
352|"intra"|2005|"Sri Lanka"|0|0|0|3|"Rebels"
352|"intra"|2006|"Sri Lanka"|0|0|0|3|"Rebels"
352|"intra"|2007|"Sri Lanka"|0|0|0|3|"Rebels"
352|"intra"|2008|"Sri Lanka"|0|0|0|3|"Rebels"
352|"intra"|2009|"Sri Lanka"|0|0|0|3|"Rebels"
353|"intra"|2015|"Cameroon"|0|NA|0|1|"Government"
353|"intra"|2015|"Cameroon"|0|NA|1|3|"Rebels"
354|"intra"|1989|"Turkey"|0|0|0|1|"Government"
354|"intra"|1990|"Turkey"|1|0|0|1|"Government"
354|"intra"|1991|"Turkey"|0|0|0|1|"Government"
354|"intra"|1992|"Turkey"|0|0|0|1|"Government"
354|"intra"|1993|"Turkey"|1|1|1|1|"Government"
354|"intra"|1994|"Turkey"|0|0|0|1|"Government"
354|"intra"|1995|"Turkey"|0|0|1|1|"Government"
354|"intra"|1996|"Turkey"|1|0|0|1|"Government"
354|"intra"|1997|"Turkey"|0|0|1|1|"Government"
354|"intra"|1998|"Turkey"|0|0|1|1|"Government"
354|"intra"|1999|"Turkey"|1|2|1|1|"Government"
354|"intra"|2000|"Turkey"|1|0|1|1|"Government"
354|"intra"|2001|"Turkey"|1|1|0|1|"Government"
354|"intra"|2002|"Turkey"|1|1|1|1|"Government"
354|"intra"|2003|"Turkey"|0|0|0|1|"Government"
354|"intra"|2004|"Turkey"|0|0|0|1|"Government"
354|"intra"|2005|"Turkey"|0|0|0|1|"Government"
354|"intra"|2006|"Turkey"|0|0|0|1|"Government"
354|"intra"|2007|"Turkey"|0|0|0|1|"Government"
354|"intra"|2008|"Turkey"|0|0|0|1|"Government"
354|"intra"|2009|"Turkey"|0|0|0|1|"Government"
354|"intra"|2010|"Turkey"|0|0|0|1|"Government"
354|"intra"|2011|"Turkey"|0|0|0|1|"Government"
354|"intra"|2012|"Turkey"|0|0|0|1|"Government"
354|"intra"|2013|"Turkey"|NA|0|0|1|"Government"
354|"intra"|2015|"Turkey"|0|0|0|1|"Government"
354|"intra"|1989|"Turkey"|0|0|0|3|"Rebels"
354|"intra"|1990|"Turkey"|0|0|0|3|"Rebels"
354|"intra"|1991|"Turkey"|0|0|0|3|"Rebels"
354|"intra"|1992|"Turkey"|0|0|0|3|"Rebels"
354|"intra"|1993|"Turkey"|0|0|0|3|"Rebels"
354|"intra"|1994|"Turkey"|0|0|0|3|"Rebels"
354|"intra"|1995|"Turkey"|0|0|0|3|"Rebels"
354|"intra"|1996|"Turkey"|0|0|0|3|"Rebels"
354|"intra"|1997|"Turkey"|0|0|0|3|"Rebels"
354|"intra"|1998|"Turkey"|0|0|0|3|"Rebels"
354|"intra"|1999|"Turkey"|0|0|0|3|"Rebels"
354|"intra"|2000|"Turkey"|0|0|0|3|"Rebels"
354|"intra"|2001|"Turkey"|0|0|0|3|"Rebels"
354|"intra"|2002|"Turkey"|0|0|0|3|"Rebels"
354|"intra"|2003|"Turkey"|0|0|0|3|"Rebels"
354|"intra"|2004|"Turkey"|0|0|0|3|"Rebels"
354|"intra"|2005|"Turkey"|0|0|0|3|"Rebels"
354|"intra"|2006|"Turkey"|0|0|0|3|"Rebels"
354|"intra"|2007|"Turkey"|0|0|0|3|"Rebels"
354|"intra"|2008|"Turkey"|0|0|0|3|"Rebels"
354|"intra"|2009|"Turkey"|0|0|0|3|"Rebels"
354|"intra"|2010|"Turkey"|0|0|0|3|"Rebels"
354|"intra"|2011|"Turkey"|0|0|0|3|"Rebels"
354|"intra"|2012|"Turkey"|0|0|0|3|"Rebels"
354|"intra"|2013|"Turkey"|NA|0|0|3|"Rebels"
354|"intra"|2015|"Turkey"|0|0|0|3|"Rebels"
362|"intra"|1989|"Comoros"|0|NA|0|1|"Government"
362|"intra"|1989|"Comoros"|0|NA|0|3|"Rebels"
363|"intra"|1996|"Ethiopia"|0|0|0|1|"Government"
363|"intra"|1996|"Ethiopia"|0|0|0|3|"Rebels"
364|"intra"|1990|"India"|2|2|1|1|"Government"
364|"intra"|1991|"India"|1|2|1|1|"Government"
364|"intra"|1992|"India"|1|1|1|1|"Government"
364|"intra"|1993|"India"|1|1|1|1|"Government"
364|"intra"|1994|"India"|2|1|1|1|"Government"
364|"intra"|1995|"India"|0|1|1|1|"Government"
364|"intra"|1996|"India"|1|1|0|1|"Government"
364|"intra"|1997|"India"|2|1|2|1|"Government"
364|"intra"|1998|"India"|0|1|2|1|"Government"
364|"intra"|1999|"India"|0|0|2|1|"Government"
364|"intra"|2000|"India"|0|0|2|1|"Government"
364|"intra"|2001|"India"|0|0|2|1|"Government"
364|"intra"|2002|"India"|0|0|2|1|"Government"
364|"intra"|2003|"India"|0|NA|2|1|"Government"
364|"intra"|2004|"India"|1|0|2|1|"Government"
364|"intra"|2005|"India"|1|0|2|1|"Government"
364|"intra"|2006|"India"|0|0|2|1|"Government"
364|"intra"|2007|"India"|0|0|2|1|"Government"
364|"intra"|2008|"India"|0|0|2|1|"Government"
364|"intra"|2009|"India"|1|0|1|1|"Government"
364|"intra"|2010|"India"|0|0|0|1|"Government"
364|"intra"|2011|"India"|0|0|0|1|"Government"
364|"intra"|2012|"India"|0|0|0|1|"Government"
364|"intra"|2013|"India"|NA|0|0|1|"Government"
364|"intra"|2014|"India"|0|0|0|1|"Government"
364|"intra"|2015|"India"|0|0|0|1|"Government"
364|"intra"|1990|"India"|0|1|0|3|"Rebels"
364|"intra"|1991|"India"|0|1|0|3|"Rebels"
364|"intra"|1992|"India"|1|1|0|3|"Rebels"
364|"intra"|1993|"India"|0|1|0|3|"Rebels"
364|"intra"|1994|"India"|0|0|1|3|"Rebels"
364|"intra"|1995|"India"|0|0|0|3|"Rebels"
364|"intra"|1996|"India"|0|0|0|3|"Rebels"
364|"intra"|1997|"India"|0|0|0|3|"Rebels"
364|"intra"|1998|"India"|0|0|0|3|"Rebels"
364|"intra"|1999|"India"|0|0|1|3|"Rebels"
364|"intra"|2000|"India"|0|0|1|3|"Rebels"
364|"intra"|2001|"India"|0|0|1|3|"Rebels"
364|"intra"|2002|"India"|0|0|1|3|"Rebels"
364|"intra"|2003|"India"|0|NA|1|3|"Rebels"
364|"intra"|2004|"India"|0|0|1|3|"Rebels"
364|"intra"|2005|"India"|0|0|1|3|"Rebels"
364|"intra"|2006|"India"|0|0|0|3|"Rebels"
364|"intra"|2007|"India"|0|0|0|3|"Rebels"
364|"intra"|2008|"India"|0|0|0|3|"Rebels"
364|"intra"|2009|"India"|0|0|0|3|"Rebels"
364|"intra"|2010|"India"|0|0|0|3|"Rebels"
364|"intra"|2011|"India"|0|0|0|3|"Rebels"
364|"intra"|2012|"India"|0|0|0|3|"Rebels"
364|"intra"|2013|"India"|NA|0|0|3|"Rebels"
364|"intra"|2014|"India"|0|0|0|3|"Rebels"
364|"intra"|2015|"India"|0|0|0|3|"Rebels"
365|"intra"|1990|"India"|1|NA|1|1|"Government"
365|"intra"|1994|"India"|0|0|0|1|"Government"
365|"intra"|1995|"India"|0|0|0|1|"Government"
365|"intra"|1996|"India"|0|0|0|1|"Government"
365|"intra"|1997|"India"|0|1|0|1|"Government"
365|"intra"|1998|"India"|0|0|0|1|"Government"
365|"intra"|1999|"India"|0|0|0|1|"Government"
365|"intra"|2000|"India"|0|0|0|1|"Government"
365|"intra"|2001|"India"|0|0|0|1|"Government"
365|"intra"|2002|"India"|0|0|0|1|"Government"
365|"intra"|2003|"India"|0|NA|0|1|"Government"
365|"intra"|2004|"India"|0|0|0|1|"Government"
365|"intra"|2005|"India"|0|0|1|1|"Government"
365|"intra"|2006|"India"|0|0|0|1|"Government"
365|"intra"|2007|"India"|0|0|0|1|"Government"
365|"intra"|2008|"India"|0|0|0|1|"Government"
365|"intra"|2009|"India"|0|0|0|1|"Government"
365|"intra"|2010|"India"|0|0|0|1|"Government"
365|"intra"|1990|"India"|0|NA|0|3|"Rebels"
365|"intra"|1994|"India"|0|0|0|3|"Rebels"
365|"intra"|1995|"India"|0|0|0|3|"Rebels"
365|"intra"|1996|"India"|0|0|0|3|"Rebels"
365|"intra"|1997|"India"|0|0|0|3|"Rebels"
365|"intra"|1998|"India"|0|0|0|3|"Rebels"
365|"intra"|1999|"India"|0|0|0|3|"Rebels"
365|"intra"|2000|"India"|0|0|0|3|"Rebels"
365|"intra"|2001|"India"|0|0|0|3|"Rebels"
365|"intra"|2002|"India"|0|0|0|3|"Rebels"
365|"intra"|2003|"India"|0|NA|0|3|"Rebels"
365|"intra"|2004|"India"|0|0|0|3|"Rebels"
365|"intra"|2005|"India"|0|0|0|3|"Rebels"
365|"intra"|2006|"India"|0|0|0|3|"Rebels"
365|"intra"|2007|"India"|0|0|0|3|"Rebels"
365|"intra"|2008|"India"|0|0|0|3|"Rebels"
365|"intra"|2009|"India"|0|0|0|3|"Rebels"
365|"intra"|2010|"India"|0|0|0|3|"Rebels"
366|"intra"|1990|"Indonesia"|1|0|0|1|"Government"
366|"intra"|1991|"Indonesia"|1|0|0|1|"Government"
366|"intra"|1999|"Indonesia"|0|0|1|1|"Government"
366|"intra"|2000|"Indonesia"|1|0|0|1|"Government"
366|"intra"|2001|"Indonesia"|0|0|0|1|"Government"
366|"intra"|2002|"Indonesia"|0|0|2|1|"Government"
366|"intra"|2003|"Indonesia"|1|0|2|1|"Government"
366|"intra"|2004|"Indonesia"|0|0|1|1|"Government"
366|"intra"|2005|"Indonesia"|0|0|1|1|"Government"
366|"intra"|1990|"Indonesia"|0|0|0|3|"Rebels"
366|"intra"|1991|"Indonesia"|0|0|0|3|"Rebels"
366|"intra"|1999|"Indonesia"|0|0|0|3|"Rebels"
366|"intra"|2000|"Indonesia"|0|0|0|3|"Rebels"
366|"intra"|2001|"Indonesia"|0|0|0|3|"Rebels"
366|"intra"|2002|"Indonesia"|0|0|1|3|"Rebels"
366|"intra"|2003|"Indonesia"|0|0|0|3|"Rebels"
366|"intra"|2004|"Indonesia"|0|0|0|3|"Rebels"
366|"intra"|2005|"Indonesia"|0|0|0|3|"Rebels"
367|"intra"|1989|"Panama"|0|0|0|1|"Government"
367|"intra"|1989|"Panama"|0|0|0|3|"Rebels"
368|"inter"|1989|"Panama"|0|0|0|1|"Panama"
368|"inter"|1989|"Panama"|0|0|NA|1|"United States"
369|"intra"|1990|"Papua New Guinea"|0|0|0|1|"Government"
369|"intra"|1992|"Papua New Guinea"|0|0|0|1|"Government"
369|"intra"|1993|"Papua New Guinea"|NA|0|0|1|"Government"
369|"intra"|1994|"Papua New Guinea"|1|0|0|1|"Government"
369|"intra"|1995|"Papua New Guinea"|NA|0|0|1|"Government"
369|"intra"|1996|"Papua New Guinea"|NA|0|0|1|"Government"
369|"intra"|1990|"Papua New Guinea"|0|0|0|3|"Rebels"
369|"intra"|1992|"Papua New Guinea"|1|0|0|3|"Rebels"
369|"intra"|1993|"Papua New Guinea"|NA|0|0|3|"Rebels"
369|"intra"|1994|"Papua New Guinea"|0|0|0|3|"Rebels"
369|"intra"|1995|"Papua New Guinea"|NA|0|1|3|"Rebels"
369|"intra"|1996|"Papua New Guinea"|NA|0|0|3|"Rebels"
370|"intra"|1989|"Romania"|NA|0|0|1|"Government"
370|"intra"|1989|"Romania"|NA|0|0|3|"Rebels"
371|"inter"|1990|"Kuwait"|2|2|1|1|"Iraq"
371|"inter"|1991|"Kuwait"|0|0|2|1|"Iraq"
371|"inter"|1990|"Kuwait"|0|0|0|1|"Kuwait"
371|"inter"|1991|"Kuwait"|0|1|0|1|"Kuwait"
372|"intra"|1990|"Mali"|1|NA|0|1|"Government"
372|"intra"|1994|"Mali"|0|NA|0|1|"Government"
372|"intra"|2007|"Mali"|0|NA|0|1|"Government"
372|"intra"|2008|"Mali"|0|NA|0|1|"Government"
372|"intra"|2009|"Mali"|0|NA|0|1|"Government"
372|"intra"|2012|"Mali"|0|0|0|1|"Government"
372|"intra"|2014|"Mali"|0|1|0|1|"Government"
372|"intra"|2015|"Mali"|0|0|0|1|"Government"
372|"intra"|1990|"Mali"|0|NA|0|3|"Rebels"
372|"intra"|1994|"Mali"|0|NA|0|3|"Rebels"
372|"intra"|2007|"Mali"|0|NA|0|3|"Rebels"
372|"intra"|2008|"Mali"|0|NA|0|3|"Rebels"
372|"intra"|2009|"Mali"|0|NA|0|3|"Rebels"
372|"intra"|2012|"Mali"|2|2|3|3|"Rebels"
372|"intra"|2014|"Mali"|0|0|1|3|"Rebels"
372|"intra"|2015|"Mali"|0|0|1|3|"Rebels"
373|"intra"|1994|"Niger"|0|NA|0|1|"Government"
373|"intra"|1994|"Niger"|0|NA|0|3|"Rebels"
374|"intra"|1990|"Rwanda"|0|NA|0|1|"Government"
374|"intra"|1991|"Rwanda"|0|1|0|1|"Government"
374|"intra"|1992|"Rwanda"|0|NA|0|1|"Government"
374|"intra"|1993|"Rwanda"|0|2|2|1|"Government"
374|"intra"|1994|"Rwanda"|0|3|3|1|"Government"
374|"intra"|1997|"Rwanda"|0|0|0|1|"Government"
374|"intra"|1998|"Rwanda"|0|0|0|1|"Government"
374|"intra"|1999|"Rwanda"|1|0|0|1|"Government"
374|"intra"|2000|"Rwanda"|0|0|0|1|"Government"
374|"intra"|2001|"Rwanda"|1|0|0|1|"Government"
374|"intra"|2002|"Rwanda"|0|1|0|1|"Government"
374|"intra"|2009|"Rwanda"|0|0|0|1|"Government"
374|"intra"|2010|"Rwanda"|1|0|0|1|"Government"
374|"intra"|2011|"Rwanda"|1|0|0|1|"Government"
374|"intra"|2012|"Rwanda"|0|0|0|1|"Government"
374|"intra"|1990|"Rwanda"|0|NA|0|3|"Rebels"
374|"intra"|1991|"Rwanda"|0|0|0|3|"Rebels"
374|"intra"|1992|"Rwanda"|0|NA|0|3|"Rebels"
374|"intra"|1993|"Rwanda"|0|0|0|3|"Rebels"
374|"intra"|1994|"Rwanda"|0|0|1|3|"Rebels"
374|"intra"|1996|"Rwanda"|0|0|0|3|"Rebels"
374|"intra"|1997|"Rwanda"|0|0|0|3|"Rebels"
374|"intra"|1998|"Rwanda"|0|0|0|3|"Rebels"
374|"intra"|1999|"Rwanda"|0|0|0|3|"Rebels"
374|"intra"|2000|"Rwanda"|0|0|0|3|"Rebels"
374|"intra"|2001|"Rwanda"|0|0|0|3|"Rebels"
374|"intra"|2002|"Rwanda"|0|0|0|3|"Rebels"
374|"intra"|2009|"Rwanda"|0|0|0|3|"Rebels"
374|"intra"|2010|"Rwanda"|0|0|0|3|"Rebels"
374|"intra"|2011|"Rwanda"|1|2|0|3|"Rebels"
374|"intra"|2012|"Rwanda"|0|0|0|3|"Rebels"
375|"intra"|1990|"Senegal"|0|NA|0|1|"Government"
375|"intra"|1992|"Senegal"|0|NA|0|1|"Government"
375|"intra"|1993|"Senegal"|1|NA|0|1|"Government"
375|"intra"|1995|"Senegal"|0|NA|0|1|"Government"
375|"intra"|1997|"Senegal"|0|NA|0|1|"Government"
375|"intra"|1998|"Senegal"|0|NA|0|1|"Government"
375|"intra"|2000|"Senegal"|0|NA|0|1|"Government"
375|"intra"|2001|"Senegal"|0|NA|0|1|"Government"
375|"intra"|2003|"Senegal"|0|NA|0|1|"Government"
375|"intra"|2011|"Senegal"|0|NA|0|1|"Government"
375|"intra"|1990|"Senegal"|0|NA|0|3|"Rebels"
375|"intra"|1992|"Senegal"|0|NA|2|3|"Rebels"
375|"intra"|1993|"Senegal"|0|NA|1|3|"Rebels"
375|"intra"|1995|"Senegal"|0|NA|0|3|"Rebels"
375|"intra"|1997|"Senegal"|0|NA|0|3|"Rebels"
375|"intra"|1998|"Senegal"|0|NA|0|3|"Rebels"
375|"intra"|2000|"Senegal"|0|NA|1|3|"Rebels"
375|"intra"|2001|"Senegal"|0|NA|1|3|"Rebels"
375|"intra"|2003|"Senegal"|0|NA|1|3|"Rebels"
375|"intra"|2011|"Senegal"|0|NA|1|3|"Rebels"
376|"intra"|1990|"Russian Federation"|0|0|0|1|"Government"
376|"intra"|1991|"Russian Federation"|0|0|0|1|"Government"
376|"intra"|1990|"Russian Federation"|0|0|0|3|"Rebels"
376|"intra"|1991|"Russian Federation"|0|0|0|3|"Rebels"
377|"intra"|1990|"Russian Federation"|0|0|0|1|"Government"
377|"intra"|1990|"Russian Federation"|0|0|0|3|"Rebels"
378|"intra"|1990|"Trinidad and Tobago"|0|NA|0|1|"Government"
378|"intra"|1990|"Trinidad and Tobago"|0|NA|0|3|"Rebels"
379|"intra"|1991|"Djibouti"|1|NA|1|1|"Government"
379|"intra"|1992|"Djibouti"|0|NA|1|1|"Government"
379|"intra"|1993|"Djibouti"|1|NA|1|1|"Government"
379|"intra"|1994|"Djibouti"|1|NA|1|1|"Government"
379|"intra"|1999|"Djibouti"|0|NA|0|1|"Government"
379|"intra"|1991|"Djibouti"|0|NA|0|3|"Rebels"
379|"intra"|1992|"Djibouti"|0|NA|0|3|"Rebels"
379|"intra"|1993|"Djibouti"|0|NA|1|3|"Rebels"
379|"intra"|1994|"Djibouti"|0|NA|0|3|"Rebels"
379|"intra"|1999|"Djibouti"|0|NA|0|3|"Rebels"
380|"intra"|1991|"Georgia"|NA|NA|NA|1|"Government"
380|"intra"|1992|"Georgia"|0|NA|0|1|"Government"
380|"intra"|1993|"Georgia"|0|0|0|1|"Government"
380|"intra"|1991|"Georgia"|NA|NA|NA|3|"Rebels"
380|"intra"|1992|"Georgia"|0|NA|0|3|"Rebels"
380|"intra"|1993|"Georgia"|0|0|0|3|"Rebels"
381|"intra"|1989|"Haiti"|0|0|0|1|"Government"
381|"intra"|1991|"Haiti"|0|0|0|1|"Government"
381|"intra"|2004|"Haiti"|0|0|0|1|"Government"
381|"intra"|1989|"Haiti"|0|0|0|3|"Rebels"
381|"intra"|1991|"Haiti"|1|0|0|3|"Rebels"
381|"intra"|2004|"Haiti"|0|0|0|3|"Rebels"
382|"intra"|1991|"Sierra Leone"|0|NA|0|1|"Government"
382|"intra"|1992|"Sierra Leone"|0|NA|0|1|"Government"
382|"intra"|1993|"Sierra Leone"|0|NA|0|1|"Government"
382|"intra"|1994|"Sierra Leone"|0|NA|0|1|"Government"
382|"intra"|1995|"Sierra Leone"|0|NA|0|1|"Government"
382|"intra"|1996|"Sierra Leone"|1|0|0|1|"Government"
382|"intra"|1997|"Sierra Leone"|0|0|0|1|"Government"
382|"intra"|1998|"Sierra Leone"|0|0|0|1|"Government"
382|"intra"|1999|"Sierra Leone"|0|0|0|1|"Government"
382|"intra"|2000|"Sierra Leone"|0|1|0|1|"Government"
382|"intra"|1991|"Sierra Leone"|0|2|0|3|"Rebels"
382|"intra"|1992|"Sierra Leone"|0|NA|0|3|"Rebels"
382|"intra"|1993|"Sierra Leone"|0|NA|0|3|"Rebels"
382|"intra"|1994|"Sierra Leone"|2|1|0|3|"Rebels"
382|"intra"|1995|"Sierra Leone"|1|0|0|3|"Rebels"
382|"intra"|1996|"Sierra Leone"|1|NA|2|3|"Rebels"
382|"intra"|1997|"Sierra Leone"|2|1|3|3|"Rebels"
382|"intra"|1998|"Sierra Leone"|3|3|3|3|"Rebels"
382|"intra"|1999|"Sierra Leone"|3|3|3|3|"Rebels"
382|"intra"|2000|"Sierra Leone"|3|2|3|3|"Rebels"
383|"intra"|1991|"Turkey"|0|0|0|1|"Government"
383|"intra"|1992|"Turkey"|0|0|0|1|"Government"
383|"intra"|2005|"Turkey"|0|0|0|1|"Government"
383|"intra"|1991|"Turkey"|0|0|0|3|"Rebels"
383|"intra"|1992|"Turkey"|0|0|0|3|"Rebels"
383|"intra"|2005|"Turkey"|0|0|0|3|"Rebels"
384|"intra"|1991|"Serbia"|NA|0|NA|1|"Government"
384|"intra"|1991|"Serbia"|NA|0|NA|3|"Rebels"
385|"intra"|1991|"Serbia"|NA|0|NA|1|"Government"
385|"intra"|1991|"Serbia"|NA|0|NA|3|"Rebels"
386|"intra"|1991|"Algeria"|0|NA|0|1|"Government"
386|"intra"|1992|"Algeria"|1|1|0|1|"Government"
386|"intra"|1993|"Algeria"|1|0|1|1|"Government"
386|"intra"|1994|"Algeria"|1|0|1|1|"Government"
386|"intra"|1995|"Algeria"|0|0|0|1|"Government"
386|"intra"|1996|"Algeria"|1|0|0|1|"Government"
386|"intra"|1997|"Algeria"|0|0|0|1|"Government"
386|"intra"|1998|"Algeria"|1|0|0|1|"Government"
386|"intra"|1999|"Algeria"|0|0|0|1|"Government"
386|"intra"|2000|"Algeria"|1|0|0|1|"Government"
386|"intra"|2001|"Algeria"|0|0|0|1|"Government"
386|"intra"|2002|"Algeria"|0|0|0|1|"Government"
386|"intra"|2003|"Algeria"|1|0|0|1|"Government"
386|"intra"|2004|"Algeria"|0|NA|1|1|"Government"
386|"intra"|2005|"Algeria"|0|NA|0|1|"Government"
386|"intra"|2006|"Algeria"|0|NA|0|1|"Government"
386|"intra"|2007|"Algeria"|0|NA|0|1|"Government"
386|"intra"|2008|"Algeria"|0|0|0|1|"Government"
386|"intra"|2009|"Algeria"|0|0|0|1|"Government"
386|"intra"|2010|"Algeria"|0|0|0|1|"Government"
386|"intra"|2011|"Algeria"|0|0|0|1|"Government"
386|"intra"|2012|"Algeria"|0|0|0|1|"Government"
386|"intra"|2013|"Algeria"|NA|0|0|1|"Government"
386|"intra"|2014|"Algeria"|0|0|0|1|"Government"
386|"intra"|2015|"Algeria"|0|0|0|1|"Government"
386|"intra"|1991|"Algeria"|0|NA|0|3|"Rebels"
386|"intra"|1992|"Algeria"|0|0|0|3|"Rebels"
386|"intra"|1993|"Algeria"|0|0|0|3|"Rebels"
386|"intra"|1994|"Algeria"|0|0|0|3|"Rebels"
386|"intra"|1995|"Algeria"|0|0|0|3|"Rebels"
386|"intra"|1996|"Algeria"|0|0|0|3|"Rebels"
386|"intra"|1997|"Algeria"|0|0|0|3|"Rebels"
386|"intra"|1998|"Algeria"|0|0|0|3|"Rebels"
386|"intra"|1999|"Algeria"|0|0|0|3|"Rebels"
386|"intra"|2000|"Algeria"|0|0|0|3|"Rebels"
386|"intra"|2001|"Algeria"|0|0|0|3|"Rebels"
386|"intra"|2002|"Algeria"|0|0|0|3|"Rebels"
386|"intra"|2003|"Algeria"|0|0|0|3|"Rebels"
386|"intra"|2004|"Algeria"|0|NA|0|3|"Rebels"
386|"intra"|2005|"Algeria"|0|NA|0|3|"Rebels"
386|"intra"|2006|"Algeria"|0|NA|0|3|"Rebels"
386|"intra"|2007|"Algeria"|0|NA|0|3|"Rebels"
386|"intra"|2008|"Algeria"|0|0|0|3|"Rebels"
386|"intra"|2009|"Algeria"|0|0|0|3|"Rebels"
386|"intra"|2010|"Algeria"|0|0|0|3|"Rebels"
386|"intra"|2011|"Algeria"|0|0|0|3|"Rebels"
386|"intra"|2012|"Algeria"|0|0|0|3|"Rebels"
386|"intra"|2013|"Algeria"|NA|0|0|3|"Rebels"
386|"intra"|2014|"Algeria"|0|0|0|3|"Rebels"
386|"intra"|2015|"Algeria"|0|0|0|3|"Rebels"
387|"intra"|1991|"Angola"|0|NA|0|1|"Government"
387|"intra"|1994|"Angola"|0|0|0|1|"Government"
387|"intra"|1996|"Angola"|0|0|0|1|"Government"
387|"intra"|1997|"Angola"|1|0|0|1|"Government"
387|"intra"|1998|"Angola"|1|0|0|1|"Government"
387|"intra"|2002|"Angola"|1|0|1|1|"Government"
387|"intra"|2004|"Angola"|0|1|1|1|"Government"
387|"intra"|2007|"Angola"|0|0|0|1|"Government"
387|"intra"|2009|"Angola"|0|0|0|1|"Government"
387|"intra"|1991|"Angola"|0|NA|0|3|"Rebels"
387|"intra"|1994|"Angola"|0|0|0|3|"Rebels"
387|"intra"|1996|"Angola"|0|0|0|3|"Rebels"
387|"intra"|1997|"Angola"|0|0|0|3|"Rebels"
387|"intra"|1998|"Angola"|0|0|0|3|"Rebels"
387|"intra"|2002|"Angola"|0|0|0|3|"Rebels"
387|"intra"|2004|"Angola"|0|0|0|3|"Rebels"
387|"intra"|2007|"Angola"|0|0|0|3|"Rebels"
387|"intra"|2009|"Angola"|0|0|0|3|"Rebels"
388|"intra"|1991|"Azerbaijan"|0|NA|NA|1|"Government"
388|"intra"|1992|"Azerbaijan"|1|1|0|1|"Government"
388|"intra"|1993|"Azerbaijan"|0|0|0|1|"Government"
388|"intra"|1994|"Azerbaijan"|0|0|0|1|"Government"
388|"intra"|2005|"Azerbaijan"|0|0|0|1|"Government"
388|"intra"|2012|"Azerbaijan"|0|0|0|1|"Government"
388|"intra"|2014|"Azerbaijan"|0|0|0|1|"Government"
388|"intra"|2015|"Azerbaijan"|0|0|0|1|"Government"
388|"intra"|1991|"Azerbaijan"|0|NA|NA|3|"Rebels"
388|"intra"|1992|"Azerbaijan"|0|0|0|3|"Rebels"
388|"intra"|1993|"Azerbaijan"|0|0|0|3|"Rebels"
388|"intra"|1994|"Azerbaijan"|0|0|0|3|"Rebels"
388|"intra"|2005|"Azerbaijan"|0|0|0|3|"Rebels"
388|"intra"|2012|"Azerbaijan"|0|0|0|3|"Rebels"
388|"intra"|2014|"Azerbaijan"|0|0|0|3|"Rebels"
388|"intra"|2015|"Azerbaijan"|0|0|0|3|"Rebels"
389|"intra"|1992|"Bosnia and Herzegovina"|0|0|0|1|"Government"
389|"intra"|1993|"Bosnia and Herzegovina"|0|0|1|1|"Government"
389|"intra"|1994|"Bosnia and Herzegovina"|0|0|0|1|"Government"
389|"intra"|1995|"Bosnia and Herzegovina"|0|0|0|1|"Government"
389|"intra"|1992|"Bosnia and Herzegovina"|2|3|3|3|"Rebels"
389|"intra"|1993|"Bosnia and Herzegovina"|0|0|3|3|"Rebels"
389|"intra"|1994|"Bosnia and Herzegovina"|1|0|0|3|"Rebels"
389|"intra"|1995|"Bosnia and Herzegovina"|2|1|0|3|"Rebels"
390|"intra"|1992|"Croatia"|NA|NA|0|1|"Government"
390|"intra"|1993|"Croatia"|0|0|0|1|"Government"
390|"intra"|1995|"Croatia"|0|0|0|1|"Government"
390|"intra"|1992|"Croatia"|NA|NA|0|3|"Rebels"
390|"intra"|1993|"Croatia"|0|0|1|3|"Rebels"
390|"intra"|1995|"Croatia"|0|0|0|3|"Rebels"
391|"intra"|1993|"Egypt, Arab Rep."|0|0|0|1|"Government"
391|"intra"|1994|"Egypt, Arab Rep."|0|0|1|1|"Government"
391|"intra"|1995|"Egypt, Arab Rep."|0|0|0|1|"Government"
391|"intra"|1996|"Egypt, Arab Rep."|0|0|0|1|"Government"
391|"intra"|1997|"Egypt, Arab Rep."|0|0|0|1|"Government"
391|"intra"|1998|"Egypt, Arab Rep."|1|0|0|1|"Government"
391|"intra"|2014|"Egypt, Arab Rep."|0|0|0|1|"Government"
391|"intra"|1993|"Egypt, Arab Rep."|0|0|0|3|"Rebels"
391|"intra"|1994|"Egypt, Arab Rep."|0|0|0|3|"Rebels"
391|"intra"|1995|"Egypt, Arab Rep."|0|0|0|3|"Rebels"
391|"intra"|1996|"Egypt, Arab Rep."|0|0|0|3|"Rebels"
391|"intra"|1997|"Egypt, Arab Rep."|0|0|0|3|"Rebels"
391|"intra"|1998|"Egypt, Arab Rep."|0|0|0|3|"Rebels"
391|"intra"|2014|"Egypt, Arab Rep."|0|0|0|3|"Rebels"
392|"intra"|1992|"Georgia"|2|NA|0|1|"Government"
392|"intra"|1993|"Georgia"|0|0|0|1|"Government"
392|"intra"|1992|"Georgia"|0|NA|0|3|"Rebels"
392|"intra"|1993|"Georgia"|0|0|0|3|"Rebels"
393|"intra"|1992|"Georgia"|0|NA|0|1|"Government"
393|"intra"|2004|"Georgia"|0|0|0|1|"Government"
393|"intra"|2008|"Georgia"|0|0|0|1|"Government"
393|"intra"|1992|"Georgia"|0|NA|0|3|"Rebels"
393|"intra"|2004|"Georgia"|0|0|0|3|"Rebels"
393|"intra"|2008|"Georgia"|0|1|1|3|"Rebels"
394|"intra"|1992|"Moldova"|NA|NA|NA|1|"Government"
394|"intra"|1992|"Moldova"|NA|NA|NA|3|"Rebels"
395|"intra"|1992|"Tajikistan"|0|NA|0|1|"Government"
395|"intra"|1993|"Tajikistan"|0|0|3|1|"Government"
395|"intra"|1994|"Tajikistan"|0|1|0|1|"Government"
395|"intra"|1995|"Tajikistan"|0|0|0|1|"Government"
395|"intra"|1996|"Tajikistan"|0|0|0|1|"Government"
395|"intra"|1998|"Tajikistan"|0|2|0|1|"Government"
395|"intra"|2010|"Tajikistan"|0|0|0|1|"Government"
395|"intra"|2011|"Tajikistan"|0|0|0|1|"Government"
395|"intra"|1992|"Tajikistan"|0|NA|0|3|"Rebels"
395|"intra"|1993|"Tajikistan"|0|0|0|3|"Rebels"
395|"intra"|1994|"Tajikistan"|0|0|0|3|"Rebels"
395|"intra"|1995|"Tajikistan"|0|0|0|3|"Rebels"
395|"intra"|1996|"Tajikistan"|0|0|0|3|"Rebels"
395|"intra"|1997|"Tajikistan"|0|0|0|3|"Rebels"
395|"intra"|1998|"Tajikistan"|0|0|0|3|"Rebels"
395|"intra"|2010|"Tajikistan"|0|0|0|3|"Rebels"
395|"intra"|2011|"Tajikistan"|0|0|0|3|"Rebels"
396|"intra"|1993|"Azerbaijan"|0|0|0|1|"Government"
396|"intra"|1995|"Azerbaijan"|0|0|0|1|"Government"
396|"intra"|1993|"Azerbaijan"|0|0|0|3|"Rebels"
396|"intra"|1995|"Azerbaijan"|0|0|0|3|"Rebels"
397|"intra"|1993|"Bosnia and Herzegovina"|0|0|0|1|"Government"
397|"intra"|1994|"Bosnia and Herzegovina"|0|0|0|1|"Government"
397|"intra"|1995|"Bosnia and Herzegovina"|0|1|0|1|"Government"
397|"intra"|1993|"Bosnia and Herzegovina"|0|0|0|3|"Rebels"
397|"intra"|1994|"Bosnia and Herzegovina"|0|0|0|3|"Rebels"
397|"intra"|1995|"Bosnia and Herzegovina"|0|0|0|3|"Rebels"
398|"intra"|1993|"Bosnia and Herzegovina"|0|0|1|1|"Government"
398|"intra"|1994|"Bosnia and Herzegovina"|0|0|0|1|"Government"
398|"intra"|1993|"Bosnia and Herzegovina"|0|0|3|3|"Rebels"
398|"intra"|1994|"Bosnia and Herzegovina"|0|0|0|3|"Rebels"
399|"intra"|1993|"Russian Federation"|0|0|0|1|"Government"
399|"intra"|1993|"Russian Federation"|0|0|0|3|"Rebels"
400|"intra"|1994|"Mexico"|1|1|1|1|"Government"
400|"intra"|1996|"Mexico"|0|0|0|1|"Government"
400|"intra"|1994|"Mexico"|0|0|0|3|"Rebels"
400|"intra"|1996|"Mexico"|0|0|0|3|"Rebels"
401|"intra"|1994|"Russian Federation"|0|0|0|1|"Government"
401|"intra"|1995|"Russian Federation"|1|0|1|1|"Government"
401|"intra"|1996|"Russian Federation"|0|0|1|1|"Government"
401|"intra"|1999|"Russian Federation"|0|1|1|1|"Government"
401|"intra"|2000|"Russian Federation"|1|1|1|1|"Government"
401|"intra"|2001|"Russian Federation"|1|0|1|1|"Government"
401|"intra"|2002|"Russian Federation"|2|0|1|1|"Government"
401|"intra"|2003|"Russian Federation"|1|1|1|1|"Government"
401|"intra"|2004|"Russian Federation"|1|0|1|1|"Government"
401|"intra"|2005|"Russian Federation"|1|0|1|1|"Government"
401|"intra"|2006|"Russian Federation"|1|0|1|1|"Government"
401|"intra"|2007|"Russian Federation"|0|0|0|1|"Government"
401|"intra"|1994|"Russian Federation"|0|0|0|3|"Rebels"
401|"intra"|1995|"Russian Federation"|0|0|0|3|"Rebels"
401|"intra"|1996|"Russian Federation"|0|0|0|3|"Rebels"
401|"intra"|1999|"Russian Federation"|0|0|0|3|"Rebels"
401|"intra"|2000|"Russian Federation"|0|0|0|3|"Rebels"
401|"intra"|2001|"Russian Federation"|0|0|0|3|"Rebels"
401|"intra"|2002|"Russian Federation"|0|0|0|3|"Rebels"
401|"intra"|2003|"Russian Federation"|0|0|0|3|"Rebels"
401|"intra"|2004|"Russian Federation"|0|0|0|3|"Rebels"
401|"intra"|2005|"Russian Federation"|0|0|0|3|"Rebels"
401|"intra"|2006|"Russian Federation"|1|0|0|3|"Rebels"
401|"intra"|2007|"Russian Federation"|0|0|0|3|"Rebels"
402|"intra"|1994|"Yemen, Rep."|0|NA|0|1|"Government"
402|"intra"|1994|"Yemen, Rep."|0|NA|0|3|"Rebels"
403|"inter"|1995|"Peru"|0|0|0|1|"Ecuador"
403|"inter"|1995|"Peru"|1|0|0|1|"Peru"
404|"intra"|1990|"Pakistan"|0|NA|0|1|"Government"
404|"intra"|1995|"Pakistan"|0|0|0|1|"Government"
404|"intra"|1996|"Pakistan"|0|0|0|1|"Government"
404|"intra"|2007|"Pakistan"|0|0|0|1|"Government"
404|"intra"|2008|"Pakistan"|0|0|0|1|"Government"
404|"intra"|2009|"Pakistan"|0|0|0|1|"Government"
404|"intra"|2010|"Pakistan"|0|0|0|1|"Government"
404|"intra"|2011|"Pakistan"|0|0|0|1|"Government"
404|"intra"|2012|"Pakistan"|0|0|0|1|"Government"
404|"intra"|2013|"Pakistan"|NA|0|0|1|"Government"
404|"intra"|2014|"Pakistan"|0|0|0|1|"Government"
404|"intra"|2015|"Pakistan"|0|0|0|1|"Government"
404|"intra"|1990|"Pakistan"|0|NA|0|3|"Rebels"
404|"intra"|1995|"Pakistan"|0|0|1|3|"Rebels"
404|"intra"|1996|"Pakistan"|0|0|0|3|"Rebels"
404|"intra"|2007|"Pakistan"|0|0|0|3|"Rebels"
404|"intra"|2008|"Pakistan"|0|0|0|3|"Rebels"
404|"intra"|2009|"Pakistan"|0|0|0|3|"Rebels"
404|"intra"|2010|"Pakistan"|0|0|0|3|"Rebels"
404|"intra"|2011|"Pakistan"|0|0|0|3|"Rebels"
404|"intra"|2012|"Pakistan"|0|0|0|3|"Rebels"
404|"intra"|2013|"Pakistan"|NA|0|0|3|"Rebels"
404|"intra"|2014|"Pakistan"|0|0|0|3|"Rebels"
404|"intra"|2015|"Pakistan"|0|0|0|3|"Rebels"
405|"inter"|1996|"Cameroon"|0|0|0|1|"Cameroon"
405|"inter"|1996|"Cameroon"|0|0|0|1|"Nigeria"
406|"intra"|1995|"Niger"|0|NA|0|1|"Government"
406|"intra"|1995|"Niger"|0|NA|0|3|"Rebels"
407|"intra"|1997|"Comoros"|0|NA|0|1|"Government"
407|"intra"|1997|"Comoros"|0|NA|0|3|"Rebels"
408|"intra"|1993|"Congo, Rep."|0|0|1|1|"Government"
408|"intra"|1997|"Congo, Rep."|1|0|0|1|"Government"
408|"intra"|1998|"Congo, Rep."|2|0|1|1|"Government"
408|"intra"|1999|"Congo, Rep."|0|0|3|1|"Government"
408|"intra"|2002|"Congo, Rep."|2|0|1|1|"Government"
408|"intra"|1993|"Congo, Rep."|0|0|0|3|"Rebels"
408|"intra"|1997|"Congo, Rep."|1|0|0|3|"Rebels"
408|"intra"|1998|"Congo, Rep."|0|0|0|3|"Rebels"
408|"intra"|1999|"Congo, Rep."|0|0|0|3|"Rebels"
408|"intra"|2002|"Congo, Rep."|0|0|0|3|"Rebels"
409|"inter"|1998|"Ethiopia"|1|NA|1|1|"Eritrea"
409|"inter"|1999|"Ethiopia"|0|NA|0|1|"Eritrea"
409|"inter"|2000|"Ethiopia"|0|0|1|1|"Eritrea"
409|"inter"|1998|"Ethiopia"|0|0|0|1|"Ethiopia"
409|"inter"|1999|"Ethiopia"|0|0|0|1|"Ethiopia"
409|"inter"|2000|"Ethiopia"|0|0|0|1|"Ethiopia"
410|"intra"|1998|"Guinea-Bissau"|1|NA|1|1|"Government"
410|"intra"|1999|"Guinea-Bissau"|0|NA|0|1|"Government"
410|"intra"|1998|"Guinea-Bissau"|0|NA|0|3|"Rebels"
410|"intra"|1999|"Guinea-Bissau"|0|NA|0|3|"Rebels"
411|"intra"|1998|"Lesotho"|0|0|0|1|"Government"
411|"intra"|1998|"Lesotho"|0|0|0|3|"Rebels"
412|"intra"|1998|"Serbia"|0|1|0|1|"Government"
412|"intra"|1999|"Serbia"|1|3|3|1|"Government"
412|"intra"|1998|"Serbia"|0|1|0|3|"Rebels"
412|"intra"|1999|"Serbia"|1|1|3|3|"Rebels"
413|"intra"|1989|"Ethiopia"|0|NA|0|1|"Government"
413|"intra"|1990|"Ethiopia"|0|0|0|1|"Government"
413|"intra"|1991|"Ethiopia"|0|0|1|1|"Government"
413|"intra"|1992|"Ethiopia"|0|0|0|1|"Government"
413|"intra"|1994|"Ethiopia"|0|0|0|1|"Government"
413|"intra"|1995|"Ethiopia"|0|0|0|1|"Government"
413|"intra"|1998|"Ethiopia"|0|0|0|1|"Government"
413|"intra"|1999|"Ethiopia"|0|0|0|1|"Government"
413|"intra"|2000|"Ethiopia"|0|0|0|1|"Government"
413|"intra"|2001|"Ethiopia"|0|0|0|1|"Government"
413|"intra"|2002|"Ethiopia"|1|0|0|1|"Government"
413|"intra"|2003|"Ethiopia"|0|NA|0|1|"Government"
413|"intra"|2004|"Ethiopia"|0|1|0|1|"Government"
413|"intra"|2005|"Ethiopia"|0|0|0|1|"Government"
413|"intra"|2006|"Ethiopia"|0|0|1|1|"Government"
413|"intra"|2007|"Ethiopia"|1|1|0|1|"Government"
413|"intra"|2008|"Ethiopia"|0|0|0|1|"Government"
413|"intra"|2009|"Ethiopia"|0|0|0|1|"Government"
413|"intra"|2010|"Ethiopia"|0|0|0|1|"Government"
413|"intra"|2011|"Ethiopia"|0|0|0|1|"Government"
413|"intra"|2012|"Ethiopia"|1|0|0|1|"Government"
413|"intra"|2013|"Ethiopia"|0|0|0|1|"Government"
413|"intra"|2015|"Ethiopia"|0|1|0|1|"Government"
413|"intra"|1989|"Ethiopia"|0|NA|0|3|"Rebels"
413|"intra"|1990|"Ethiopia"|0|0|0|3|"Rebels"
413|"intra"|1991|"Ethiopia"|0|0|0|3|"Rebels"
413|"intra"|1992|"Ethiopia"|0|0|0|3|"Rebels"
413|"intra"|1994|"Ethiopia"|0|0|0|3|"Rebels"
413|"intra"|1995|"Ethiopia"|0|0|0|3|"Rebels"
413|"intra"|1998|"Ethiopia"|0|0|0|3|"Rebels"
413|"intra"|1999|"Ethiopia"|0|0|0|3|"Rebels"
413|"intra"|2000|"Ethiopia"|0|0|0|3|"Rebels"
413|"intra"|2001|"Ethiopia"|0|0|0|3|"Rebels"
413|"intra"|2002|"Ethiopia"|0|0|0|3|"Rebels"
413|"intra"|2003|"Ethiopia"|0|NA|0|3|"Rebels"
413|"intra"|2004|"Ethiopia"|0|0|0|3|"Rebels"
413|"intra"|2005|"Ethiopia"|0|0|0|3|"Rebels"
413|"intra"|2006|"Ethiopia"|0|0|0|3|"Rebels"
413|"intra"|2007|"Ethiopia"|0|0|0|3|"Rebels"
413|"intra"|2008|"Ethiopia"|0|0|0|3|"Rebels"
413|"intra"|2009|"Ethiopia"|0|0|0|3|"Rebels"
413|"intra"|2010|"Ethiopia"|0|0|0|3|"Rebels"
413|"intra"|2011|"Ethiopia"|0|0|0|3|"Rebels"
413|"intra"|2012|"Ethiopia"|0|0|0|3|"Rebels"
413|"intra"|2013|"Ethiopia"|0|0|0|3|"Rebels"
413|"intra"|2015|"Ethiopia"|0|0|0|3|"Rebels"
414|"intra"|1999|"Russian Federation"|0|0|0|1|"Government"
414|"intra"|1999|"Russian Federation"|0|0|0|3|"Rebels"
415|"intra"|1999|"Uzbekistan"|0|0|0|1|"Government"
415|"intra"|2000|"Uzbekistan"|0|3|1|1|"Government"
415|"intra"|2004|"Uzbekistan"|0|0|1|1|"Government"
415|"intra"|1999|"Uzbekistan"|0|0|0|3|"Rebels"
415|"intra"|2000|"Uzbekistan"|0|0|0|3|"Rebels"
415|"intra"|2004|"Uzbekistan"|0|0|0|3|"Rebels"
416|"intra"|2001|"Central African Republic"|0|NA|0|1|"Government"
416|"intra"|2002|"Central African Republic"|1|0|1|1|"Government"
416|"intra"|2006|"Central African Republic"|1|NA|1|1|"Government"
416|"intra"|2009|"Central African Republic"|0|0|1|1|"Government"
416|"intra"|2010|"Central African Republic"|0|NA|3|1|"Government"
416|"intra"|2011|"Central African Republic"|0|NA|3|1|"Government"
416|"intra"|2012|"Central African Republic"|0|NA|3|1|"Government"
416|"intra"|2013|"Central African Republic"|2|3|3|1|"Government"
416|"intra"|2001|"Central African Republic"|0|NA|0|3|"Rebels"
416|"intra"|2002|"Central African Republic"|0|0|2|3|"Rebels"
416|"intra"|2006|"Central African Republic"|1|NA|0|3|"Rebels"
416|"intra"|2009|"Central African Republic"|0|0|0|3|"Rebels"
416|"intra"|2010|"Central African Republic"|1|NA|3|3|"Rebels"
416|"intra"|2011|"Central African Republic"|1|NA|3|3|"Rebels"
416|"intra"|2012|"Central African Republic"|0|NA|0|3|"Rebels"
416|"intra"|2013|"Central African Republic"|1|0|0|3|"Rebels"
417|"intra"|2001|"Macedonia, FYR"|0|0|0|1|"Government"
417|"intra"|2001|"Macedonia, FYR"|0|0|0|3|"Rebels"
418|"intra"|2001|"United States"|0|0|NA|1|"Government"
418|"intra"|2002|"United States"|0|0|NA|1|"Government"
418|"intra"|2004|"United States"|0|0|NA|1|"Government"
418|"intra"|2005|"United States"|0|0|NA|1|"Government"
418|"intra"|2006|"United States"|0|0|NA|1|"Government"
418|"intra"|2007|"United States"|0|0|NA|1|"Government"
418|"intra"|2008|"United States"|0|0|NA|1|"Government"
418|"intra"|2009|"United States"|0|0|NA|1|"Government"
418|"intra"|2010|"United States"|0|0|NA|1|"Government"
418|"intra"|2011|"United States"|0|0|NA|1|"Government"
418|"intra"|2012|"United States"|0|0|NA|1|"Government"
418|"intra"|2013|"United States"|NA|0|NA|1|"Government"
418|"intra"|2014|"United States"|0|0|NA|1|"Government"
418|"intra"|2015|"United States"|0|0|NA|1|"Government"
418|"intra"|2001|"United States"|0|0|NA|3|"Rebels"
418|"intra"|2002|"United States"|0|0|NA|3|"Rebels"
418|"intra"|2004|"United States"|0|0|NA|3|"Rebels"
418|"intra"|2005|"United States"|0|0|NA|3|"Rebels"
418|"intra"|2006|"United States"|0|0|NA|3|"Rebels"
418|"intra"|2007|"United States"|0|0|NA|3|"Rebels"
418|"intra"|2008|"United States"|0|0|NA|3|"Rebels"
418|"intra"|2009|"United States"|0|0|NA|3|"Rebels"
418|"intra"|2010|"United States"|0|0|NA|3|"Rebels"
418|"intra"|2011|"United States"|0|0|NA|3|"Rebels"
418|"intra"|2012|"United States"|0|0|NA|3|"Rebels"
418|"intra"|2013|"United States"|NA|0|NA|3|"Rebels"
418|"intra"|2014|"United States"|0|0|NA|3|"Rebels"
418|"intra"|2015|"United States"|0|0|NA|3|"Rebels"
419|"intra"|2002|"Cote d'Ivoire"|1|0|0|1|"Government"
419|"intra"|2003|"Cote d'Ivoire"|0|0|0|1|"Government"
419|"intra"|2004|"Cote d'Ivoire"|0|0|0|1|"Government"
419|"intra"|2011|"Cote d'Ivoire"|2|3|1|1|"Government"
419|"intra"|2002|"Cote d'Ivoire"|1|1|0|3|"Rebels"
419|"intra"|2003|"Cote d'Ivoire"|0|0|1|3|"Rebels"
419|"intra"|2004|"Cote d'Ivoire"|0|0|0|3|"Rebels"
419|"intra"|2011|"Cote d'Ivoire"|0|0|0|3|"Rebels"
420|"inter"|2003|"Iraq"|0|0|0|1|"Iraq"
421|"intra"|1989|"India"|1|NA|0|1|"Government"
421|"intra"|1990|"India"|0|NA|2|1|"Government"
421|"intra"|1994|"India"|0|0|0|1|"Government"
421|"intra"|1996|"India"|0|0|0|1|"Government"
421|"intra"|1997|"India"|0|0|0|1|"Government"
421|"intra"|1998|"India"|0|0|0|1|"Government"
421|"intra"|1999|"India"|0|0|0|1|"Government"
421|"intra"|2001|"India"|0|0|0|1|"Government"
421|"intra"|2002|"India"|0|0|0|1|"Government"
421|"intra"|2003|"India"|0|NA|1|1|"Government"
421|"intra"|2004|"India"|0|0|0|1|"Government"
421|"intra"|2009|"India"|0|0|0|1|"Government"
421|"intra"|2010|"India"|0|0|0|1|"Government"
421|"intra"|2013|"India"|NA|0|0|1|"Government"
421|"intra"|2014|"India"|0|0|0|1|"Government"
421|"intra"|1989|"India"|0|NA|0|3|"Rebels"
421|"intra"|1990|"India"|0|NA|0|3|"Rebels"
421|"intra"|1994|"India"|0|0|0|3|"Rebels"
421|"intra"|1996|"India"|0|0|0|3|"Rebels"
421|"intra"|1997|"India"|0|0|0|3|"Rebels"
421|"intra"|1998|"India"|0|0|0|3|"Rebels"
421|"intra"|1999|"India"|0|0|0|3|"Rebels"
421|"intra"|2001|"India"|0|0|0|3|"Rebels"
421|"intra"|2002|"India"|0|0|0|3|"Rebels"
421|"intra"|2003|"India"|0|NA|0|3|"Rebels"
421|"intra"|2004|"India"|0|0|0|3|"Rebels"
421|"intra"|2009|"India"|0|0|0|3|"Rebels"
421|"intra"|2010|"India"|0|0|0|3|"Rebels"
421|"intra"|2013|"India"|NA|0|0|3|"Rebels"
421|"intra"|2014|"India"|0|0|0|3|"Rebels"
422|"intra"|1997|"Myanmar"|0|0|0|1|"Government"
422|"intra"|1997|"Myanmar"|0|0|0|3|"Rebels"
423|"intra"|2003|"Thailand"|0|NA|0|1|"Government"
423|"intra"|2004|"Thailand"|1|1|0|1|"Government"
423|"intra"|2005|"Thailand"|0|0|0|1|"Government"
423|"intra"|2006|"Thailand"|0|0|0|1|"Government"
423|"intra"|2007|"Thailand"|0|0|0|1|"Government"
423|"intra"|2008|"Thailand"|1|0|1|1|"Government"
423|"intra"|2009|"Thailand"|0|0|0|1|"Government"
423|"intra"|2010|"Thailand"|0|1|0|1|"Government"
423|"intra"|2011|"Thailand"|0|0|0|1|"Government"
423|"intra"|2012|"Thailand"|0|0|0|1|"Government"
423|"intra"|2013|"Thailand"|NA|0|0|1|"Government"
423|"intra"|2014|"Thailand"|1|1|0|1|"Government"
423|"intra"|2015|"Thailand"|0|0|0|1|"Government"
423|"intra"|2003|"Thailand"|0|NA|0|3|"Rebels"
423|"intra"|2004|"Thailand"|0|0|0|3|"Rebels"
423|"intra"|2005|"Thailand"|0|0|0|3|"Rebels"
423|"intra"|2006|"Thailand"|0|0|0|3|"Rebels"
423|"intra"|2007|"Thailand"|0|0|0|3|"Rebels"
423|"intra"|2008|"Thailand"|0|0|0|3|"Rebels"
423|"intra"|2009|"Thailand"|0|0|0|3|"Rebels"
423|"intra"|2010|"Thailand"|0|0|0|3|"Rebels"
423|"intra"|2011|"Thailand"|0|0|0|3|"Rebels"
423|"intra"|2012|"Thailand"|0|0|0|3|"Rebels"
423|"intra"|2013|"Thailand"|NA|0|0|3|"Rebels"
423|"intra"|2014|"Thailand"|0|0|0|3|"Rebels"
423|"intra"|2015|"Thailand"|0|0|0|3|"Rebels"
424|"intra"|2004|"Nigeria"|0|0|0|1|"Government"
424|"intra"|2004|"Nigeria"|0|0|0|3|"Rebels"
425|"intra"|2004|"Nigeria"|2|0|0|1|"Government"
425|"intra"|2004|"Nigeria"|0|0|0|3|"Rebels"
426|"intra"|1990|"Israel"|0|0|0|1|"Government"
426|"intra"|1991|"Israel"|0|0|0|1|"Government"
426|"intra"|1992|"Israel"|0|0|0|1|"Government"
426|"intra"|1993|"Israel"|0|0|0|1|"Government"
426|"intra"|1994|"Israel"|0|0|0|1|"Government"
426|"intra"|1995|"Israel"|0|0|0|1|"Government"
426|"intra"|1996|"Israel"|0|1|0|1|"Government"
426|"intra"|1997|"Israel"|0|0|0|1|"Government"
426|"intra"|1998|"Israel"|0|0|0|1|"Government"
426|"intra"|1999|"Israel"|0|0|0|1|"Government"
426|"intra"|2006|"Israel"|0|0|0|1|"Government"
426|"intra"|1990|"Israel"|0|0|0|3|"Rebels"
426|"intra"|1991|"Israel"|0|0|0|3|"Rebels"
426|"intra"|1992|"Israel"|0|0|0|3|"Rebels"
426|"intra"|1993|"Israel"|0|0|0|3|"Rebels"
426|"intra"|1994|"Israel"|0|0|0|3|"Rebels"
426|"intra"|1995|"Israel"|0|0|0|3|"Rebels"
426|"intra"|1996|"Israel"|0|0|0|3|"Rebels"
426|"intra"|1997|"Israel"|0|0|0|3|"Rebels"
426|"intra"|1998|"Israel"|0|0|0|3|"Rebels"
426|"intra"|1999|"Israel"|0|0|0|3|"Rebels"
426|"intra"|2006|"Israel"|0|0|0|3|"Rebels"
429|"intra"|2007|"Congo, Dem. Rep."|0|0|0|1|"Government"
429|"intra"|2008|"Congo, Dem. Rep."|0|0|1|1|"Government"
429|"intra"|2007|"Congo, Dem. Rep."|0|0|0|3|"Rebels"
429|"intra"|2008|"Congo, Dem. Rep."|0|0|0|3|"Rebels"
430|"intra"|1991|"Niger"|0|NA|0|1|"Government"
430|"intra"|1992|"Niger"|0|NA|0|1|"Government"
430|"intra"|1997|"Niger"|0|NA|0|1|"Government"
430|"intra"|2007|"Niger"|0|NA|0|1|"Government"
430|"intra"|2008|"Niger"|0|NA|0|1|"Government"
430|"intra"|1991|"Niger"|0|NA|0|3|"Rebels"
430|"intra"|1992|"Niger"|0|NA|0|3|"Rebels"
430|"intra"|1997|"Niger"|0|NA|0|3|"Rebels"
430|"intra"|2007|"Niger"|0|NA|0|3|"Rebels"
430|"intra"|2008|"Niger"|0|NA|0|3|"Rebels"
432|"intra"|2007|"Russian Federation"|0|0|0|1|"Government"
432|"intra"|2008|"Russian Federation"|0|0|0|1|"Government"
432|"intra"|2009|"Russian Federation"|0|0|0|1|"Government"
432|"intra"|2010|"Russian Federation"|0|0|0|1|"Government"
432|"intra"|2011|"Russian Federation"|0|0|0|1|"Government"
432|"intra"|2012|"Russian Federation"|0|1|1|1|"Government"
432|"intra"|2013|"Russian Federation"|0|0|0|1|"Government"
432|"intra"|2014|"Russian Federation"|0|0|0|1|"Government"
432|"intra"|2015|"Russian Federation"|0|0|0|1|"Government"
432|"intra"|2007|"Russian Federation"|0|0|0|3|"Rebels"
432|"intra"|2008|"Russian Federation"|0|0|0|3|"Rebels"
432|"intra"|2009|"Russian Federation"|0|0|0|3|"Rebels"
432|"intra"|2010|"Russian Federation"|0|0|0|3|"Rebels"
432|"intra"|2011|"Russian Federation"|0|0|0|3|"Rebels"
432|"intra"|2012|"Russian Federation"|0|0|0|3|"Rebels"
432|"intra"|2013|"Russian Federation"|0|0|0|3|"Rebels"
432|"intra"|2014|"Russian Federation"|0|0|0|3|"Rebels"
432|"intra"|2015|"Russian Federation"|0|0|0|3|"Rebels"
434|"intra"|2008|"India"|0|0|0|1|"Government"
434|"intra"|2008|"India"|0|0|0|3|"Rebels"
435|"inter"|2008|"Djibouti"|NA|NA|0|1|"Djibouti"
435|"inter"|2008|"Djibouti"|0|0|0|1|"Eritrea"
438|"intra"|1997|"India"|0|0|0|1|"Government"
438|"intra"|1997|"India"|0|0|0|3|"Rebels"
439|"intra"|2009|"Myanmar"|0|0|0|1|"Government"
439|"intra"|2014|"Myanmar"|0|0|0|1|"Government"
439|"intra"|2015|"Myanmar"|0|0|0|1|"Government"
439|"intra"|2009|"Myanmar"|0|0|0|3|"Rebels"
439|"intra"|2014|"Myanmar"|0|0|0|3|"Rebels"
439|"intra"|2015|"Myanmar"|0|0|0|3|"Rebels"
442|"intra"|2010|"Mauritania"|0|NA|0|1|"Government"
442|"intra"|2011|"Mauritania"|0|NA|0|1|"Government"
442|"intra"|2010|"Mauritania"|0|NA|0|3|"Rebels"
442|"intra"|2011|"Mauritania"|0|NA|0|3|"Rebels"
11342|"intra"|2012|"India"|0|0|0|1|"Government"
11342|"intra"|2014|"India"|0|0|0|1|"Government"
11342|"intra"|2012|"India"|0|0|0|3|"Rebels"
11342|"intra"|2014|"India"|0|0|0|3|"Rebels"
11344|"intra"|2011|"Sudan"|0|0|1|1|"Government"
11344|"intra"|2011|"Sudan"|0|0|0|3|"Rebels"
11345|"intra"|2011|"South Sudan"|0|0|0|1|"Government"
11345|"intra"|2012|"South Sudan"|1|1|1|1|"Government"
11345|"intra"|2013|"South Sudan"|2|1|2|1|"Government"
11345|"intra"|2014|"South Sudan"|3|2|3|1|"Government"
11345|"intra"|2015|"South Sudan"|2|3|3|1|"Government"
11345|"intra"|2011|"South Sudan"|0|0|0|3|"Rebels"
11345|"intra"|2012|"South Sudan"|0|0|0|3|"Rebels"
11345|"intra"|2013|"South Sudan"|1|0|0|3|"Rebels"
11345|"intra"|2014|"South Sudan"|3|0|1|3|"Rebels"
11345|"intra"|2015|"South Sudan"|1|0|1|3|"Rebels"
11346|"intra"|2011|"Libya"|0|0|0|1|"Government"
11346|"intra"|2014|"Libya"|0|0|0|1|"Government"
11346|"intra"|2015|"Libya"|0|0|0|1|"Government"
11346|"intra"|2011|"Libya"|2|1|3|3|"Rebels"
11346|"intra"|2014|"Libya"|0|0|0|3|"Rebels"
11346|"intra"|2015|"Libya"|0|0|0|3|"Rebels"
11347|"intra"|2009|"Mali"|0|0|0|1|"Government"
11347|"intra"|2012|"Mali"|1|2|1|1|"Government"
11347|"intra"|2013|"Mali"|0|0|1|1|"Government"
11347|"intra"|2014|"Mali"|0|0|0|1|"Government"
11347|"intra"|2015|"Mali"|0|0|0|1|"Government"
11347|"intra"|2009|"Mali"|0|0|0|3|"Rebels"
11347|"intra"|2012|"Mali"|0|0|2|3|"Rebels"
11347|"intra"|2013|"Mali"|1|0|1|3|"Rebels"
11347|"intra"|2014|"Mali"|0|0|0|3|"Rebels"
11347|"intra"|2015|"Mali"|0|0|0|3|"Rebels"
11348|"inter"|2012|"South Sudan"|0|0|1|1|"South Sudan"
11348|"inter"|2012|"South Sudan"|0|0|0|1|"Sudan"
11349|"intra"|2008|"China"|0|0|0|1|"Government"
11350|"intra"|2005|"Bangladesh"|0|0|0|1|"Government"
11350|"intra"|2006|"Bangladesh"|0|0|0|1|"Government"
11350|"intra"|2005|"Bangladesh"|0|0|0|3|"Rebels"
11350|"intra"|2006|"Bangladesh"|0|0|0|3|"Rebels"
11447|"intra"|1991|"Ethiopia"|0|NA|0|1|"Government"
11447|"intra"|1991|"Ethiopia"|0|NA|0|3|"Rebels"
11475|"intra"|1991|"Myanmar"|0|0|0|1|"Government"
11475|"intra"|1995|"Myanmar"|0|0|0|1|"Government"
11475|"intra"|2000|"Myanmar"|0|0|0|1|"Government"
11475|"intra"|2001|"Myanmar"|0|0|0|1|"Government"
11475|"intra"|2005|"Myanmar"|0|0|0|1|"Government"
11475|"intra"|2006|"Myanmar"|0|0|0|1|"Government"
11475|"intra"|2007|"Myanmar"|0|0|0|1|"Government"
11475|"intra"|1991|"Myanmar"|0|0|0|3|"Rebels"
11475|"intra"|1995|"Myanmar"|0|0|0|3|"Rebels"
11475|"intra"|2000|"Myanmar"|0|0|0|3|"Rebels"
11475|"intra"|2001|"Myanmar"|0|0|0|3|"Rebels"
11475|"intra"|2005|"Myanmar"|0|0|0|3|"Rebels"
11475|"intra"|2006|"Myanmar"|0|0|0|3|"Rebels"
11475|"intra"|2007|"Myanmar"|0|0|0|3|"Rebels"
11487|"intra"|2013|"Malaysia"|0|0|0|1|"Government"
11487|"intra"|2013|"Malaysia"|0|0|0|3|"Rebels"
13042|"intra"|2012|"Syrian Arab Republic"|0|0|0|1|"Government"
13042|"intra"|2013|"Syrian Arab Republic"|0|0|0|1|"Government"
13042|"intra"|2015|"Syrian Arab Republic"|0|0|0|1|"Government"
13042|"intra"|2012|"Syrian Arab Republic"|0|0|0|3|"Rebels"
13042|"intra"|2013|"Syrian Arab Republic"|0|0|0|3|"Rebels"
13042|"intra"|2015|"Syrian Arab Republic"|0|0|0|3|"Rebels"
13219|"intra"|2014|"Ukraine"|0|0|0|1|"Government"
13219|"intra"|2014|"Ukraine"|0|0|0|3|"Rebels"
13246|"intra"|2014|"Ukraine"|0|0|0|1|"Government"
13246|"intra"|2014|"Ukraine"|0|0|0|3|"Rebels"
13247|"intra"|2014|"Ukraine"|0|0|0|1|"Government"
13247|"intra"|2014|"Ukraine"|0|0|0|3|"Rebels"
13306|"intra"|2014|"Ukraine"|0|0|0|1|"Government"
13306|"intra"|2015|"Ukraine"|0|0|0|1|"Government"
13306|"intra"|2014|"Ukraine"|0|0|0|3|"Rebels"
13306|"intra"|2015|"Ukraine"|0|0|0|3|"Rebels"
13349|"intra"|2013|"Myanmar"|0|0|0|1|"Government"
13349|"intra"|2014|"Myanmar"|0|0|0|1|"Government"
13349|"intra"|2015|"Myanmar"|0|0|0|1|"Government"
13349|"intra"|2013|"Myanmar"|0|0|0|3|"Rebels"
13349|"intra"|2014|"Myanmar"|0|0|0|3|"Rebels"
13349|"intra"|2015|"Myanmar"|0|0|0|3|"Rebels"
13588|"intra"|2015|"Russian Federation"|0|0|0|1|"Government"
13588|"intra"|2015|"Russian Federation"|0|0|0|3|"Rebels"
13604|"intra"|2013|"Syrian Arab Republic"|0|0|3|1|"Government"
13604|"intra"|2014|"Syrian Arab Republic"|0|0|3|1|"Government"
13604|"intra"|2015|"Syrian Arab Republic"|0|0|3|1|"Government"
13604|"intra"|2013|"Syrian Arab Republic"|0|0|0|3|"Rebels"
13604|"intra"|2014|"Syrian Arab Republic"|0|0|3|3|"Rebels"
13604|"intra"|2015|"Syrian Arab Republic"|0|3|3|3|"Rebels"
13611|"intra"|2015|"Mali"|0|0|0|1|"Government"
13611|"intra"|2015|"Mali"|0|1|0|3|"Rebels"
13637|"intra"|2015|"Afghanistan"|0|0|0|1|"Government"
13637|"intra"|2015|"Afghanistan"|0|0|0|3|"Rebels"
13638|"intra"|2015|"Cameroon"|0|NA|0|1|"Government"
13638|"intra"|2015|"Cameroon"|0|NA|0|3|"Rebels"
13639|"intra"|2015|"Niger"|0|NA|0|1|"Government"
13639|"intra"|2015|"Niger"|0|NA|0|3|"Rebels"
13640|"intra"|2015|"Chad"|0|NA|0|1|"Government"
13640|"intra"|2015|"Chad"|0|NA|0|3|"Rebels"
13641|"intra"|2015|"Nigeria"|0|0|0|1|"Government"
13641|"intra"|2015|"Nigeria"|0|0|0|3|"Rebels"
13645|"intra"|2015|"Yemen, Rep."|0|0|0|1|"Government"
13645|"intra"|2015|"Yemen, Rep."|0|0|0|3|"Rebels"
13646|"intra"|2015|"Kenya"|0|0|1|1|"Government"
13646|"intra"|2015|"Kenya"|0|0|0|3|"Rebels"
13648|"intra"|2015|"Egypt, Arab Rep."|0|0|0|1|"Government"
13648|"intra"|2015|"Egypt, Arab Rep."|0|0|0|3|"Rebels"
13653|"intra"|2015|"India"|0|0|0|1|"Government"
13653|"intra"|2015|"India"|0|0|0|3|"Rebels"
13675|"intra"|2014|"Lebanon"|0|1|0|1|"Government"
13675|"intra"|2015|"Lebanon"|0|0|0|1|"Government"
13675|"intra"|2014|"Lebanon"|0|0|0|3|"Rebels"
13675|"intra"|2015|"Lebanon"|0|0|0|3|"Rebels"
13694|"intra"|2015|"Libya"|0|1|0|1|"Government"
13694|"intra"|2015|"Libya"|1|1|0|3|"Rebels"
13721|"intra"|2015|"Algeria"|0|0|0|1|"Government"
13721|"intra"|2015|"Algeria"|0|0|0|3|"Rebels"
13902|"intra"|2015|"Turkey"|0|0|0|1|"Government"
13902|"intra"|2015|"Turkey"|0|0|0|3|"Rebels"
